origin,destination,count
ABE,ATL,156
ABE,CLE,146
ABE,CLT,60
ABE,CVG,39
ABE,DTW,164
ABE,JFK,1
ABE,LGA,1
ABE,ORD,224
ABI,DFW,464
ABQ,AMA,60
ABQ,ATL,137
ABQ,AUS,106
ABQ,BWI,60
ABQ,CVG,39
ABQ,DAL,491
ABQ,DEN,484
ABQ,DFW,244
ABQ,ELP,157
ABQ,EWR,16
ABQ,HOU,158
ABQ,IAD,60
ABQ,IAH,260
ABQ,LAS,389
ABQ,LAX,393
ABQ,LBB,60
ABQ,MAF,60
ABQ,MCI,114
ABQ,MCO,120
ABQ,MDW,120
ABQ,MSP,81
ABQ,OAK,165
ABQ,OKC,57
ABQ,ONT,106
ABQ,ORD,31
ABQ,PDX,60
ABQ,PHX,928
ABQ,SAN,179
ABQ,SAT,107
ABQ,SEA,119
ABQ,SFO,66
ABQ,SLC,377
ABQ,SMF,113
ABQ,STL,60
ABQ,TPA,60
ABQ,TUL,58
ABQ,TUS,121
ABY,ATL,205
ACT,DFW,403
ACV,CEC,59
ACV,MRY,2
ACV,SFO,417
ACV,SJC,1
ACV,SMF,102
ACY,ATL,59
ACY,JFK,1
ACY,LGA,1
ADK,ANC,9
ADQ,ANC,62
AEX,ATL,165
AEX,DFW,180
AEX,IAH,56
AGS,ATL,365
ALB,ATL,215
ALB,BWI,395
ALB,CLE,178
ALB,CLT,164
ALB,CVG,161
ALB,DCA,60
ALB,DTW,174
ALB,EWR,168
ALB,JFK,2
ALB,LAS,60
ALB,MCO,179
ALB,MDW,120
ALB,MSP,23
ALB,ORD,294
ALB,PHL,60
ALB,SBN,1
ALB,TPA,60
ALO,MSP,52
AMA,ABQ,60
AMA,DAL,440
AMA,DEN,119
AMA,DFW,421
AMA,IAH,114
AMA,LAS,60
ANC,ADK,9
ANC,ADQ,62
ANC,BET,88
ANC,CDV,31
ANC,DEN,17
ANC,FAI,310
ANC,HNL,31
ANC,IAH,6
ANC,JNU,93
ANC,LAS,33
ANC,MSP,82
ANC,OME,31
ANC,ORD,31
ANC,OTZ,61
ANC,PDX,31
ANC,PHX,60
ANC,SCC,31
ANC,SEA,408
ANC,SLC,46
ASE,ATL,2
ASE,DEN,865
ASE,LAX,119
ASE,MSN,1
ASE,ORD,185
ASE,PHX,65
ASE,RFD,1
ASE,SFO,33
ASE,SLC,178
ATL,ABE,155
ATL,ABQ,138
ATL,ABY,205
ATL,ACY,60
ATL,AEX,165
ATL,AGS,366
ATL,ALB,215
ATL,ASE,2
ATL,ATW,157
ATL,AUS,374
ATL,AVL,192
ATL,AVP,139
ATL,BDL,263
ATL,BGR,55
ATL,BHM,374
ATL,BMI,409
ATL,BNA,408
ATL,BOS,747
ATL,BQK,127
ATL,BTR,469
ATL,BTV,54
ATL,BUF,548
ATL,BWI,781
ATL,BZN,8
ATL,CAE,419
ATL,CAK,617
ATL,CHA,328
ATL,CHO,142
ATL,CHS,606
ATL,CID,61
ATL,CLE,436
ATL,CLT,1130
ATL,CMH,190
ATL,COS,107
ATL,CRP,5
ATL,CRW,218
ATL,CSG,230
ATL,CVG,397
ATL,DAB,398
ATL,DAY,521
ATL,DCA,988
ATL,DEN,838
ATL,DFW,1131
ATL,DHN,228
ATL,DSM,173
ATL,DTW,855
ATL,EGE,46
ATL,ELP,64
ATL,EVV,234
ATL,EWN,136
ATL,EWR,905
ATL,EYW,181
ATL,FAY,336
ATL,FLL,1114
ATL,FLO,109
ATL,FNT,534
ATL,FSD,52
ATL,FSM,106
ATL,FWA,165
ATL,GNV,335
ATL,GPT,520
ATL,GRB,40
ATL,GRK,118
ATL,GRR,221
ATL,GSO,391
ATL,GSP,341
ATL,GTR,164
ATL,HDN,47
ATL,HHH,152
ATL,HNL,93
ATL,HOU,584
ATL,HPN,337
ATL,HSV,338
ATL,IAD,777
ATL,IAH,647
ATL,ICT,511
ATL,ILM,280
ATL,IND,507
ATL,ISP,110
ATL,JAC,20
ATL,JAN,423
ATL,JAX,812
ATL,JFK,241
ATL,LAS,661
ATL,LAX,723
ATL,LEX,219
ATL,LFT,165
ATL,LGA,1470
ATL,LIT,435
ATL,LYH,106
ATL,MCI,534
ATL,MCN,132
ATL,MCO,1365
ATL,MDT,298
ATL,MDW,501
ATL,MEI,105
ATL,MEM,793
ATL,MFE,9
ATL,MGM,387
ATL,MHT,176
ATL,MIA,852
ATL,MKE,561
ATL,MLB,299
ATL,MLI,406
ATL,MLU,170
ATL,MOB,378
ATL,MSN,61
ATL,MSP,853
ATL,MSY,711
ATL,MTJ,14
ATL,MYR,199
ATL,OAJ,165
ATL,OAK,46
ATL,OKC,334
ATL,OMA,291
ATL,ONT,126
ATL,ORD,1042
ATL,ORF,349
ATL,PBI,611
ATL,PDX,123
ATL,PFN,364
ATL,PHF,601
ATL,PHL,931
ATL,PHX,757
ATL,PIA,144
ATL,PIT,637
ATL,PNS,592
ATL,PVD,241
ATL,PWM,164
ATL,RDU,704
ATL,RIC,627
ATL,RNO,47
ATL,ROA,232
ATL,ROC,429
ATL,RSW,609
ATL,SAN,385
ATL,SAT,338
ATL,SAV,494
ATL,SBN,173
ATL,SCE,60
ATL,SDF,362
ATL,SEA,225
ATL,SFO,404
ATL,SGF,166
ATL,SHV,281
ATL,SJC,85
ATL,SJU,207
ATL,SLC,407
ATL,SMF,82
ATL,SNA,168
ATL,SRQ,509
ATL,STL,540
ATL,STT,44
ATL,STX,5
ATL,SWF,353
ATL,SYR,223
ATL,TLH,220
ATL,TOL,61
ATL,TPA,1055
ATL,TRI,267
ATL,TUL,289
ATL,TUP,9
ATL,TUS,88
ATL,TYS,290
ATL,VLD,164
ATL,VPS,443
ATL,XNA,265
ATW,ATL,157
ATW,CHS,1
ATW,CVG,144
ATW,DSM,1
ATW,DTW,65
ATW,MKE,1
ATW,MSP,12
ATW,ORD,390
ATW,XNA,1
AUS,ABQ,106
AUS,ATL,372
AUS,BNA,157
AUS,BOS,31
AUS,BWI,120
AUS,CLE,68
AUS,CVG,153
AUS,DAL,1145
AUS,DEN,386
AUS,DFW,453
AUS,ELP,231
AUS,EWR,80
AUS,HOU,393
AUS,HRL,60
AUS,IAD,113
AUS,IAH,305
AUS,JAX,57
AUS,JFK,150
AUS,LAS,205
AUS,LAX,166
AUS,LBB,119
AUS,MAF,113
AUS,MCI,170
AUS,MCO,60
AUS,MDW,120
AUS,MEM,180
AUS,MSP,6
AUS,MSY,108
AUS,OKC,57
AUS,ONT,107
AUS,ORD,269
AUS,PHX,449
AUS,RDU,27
AUS,SAN,120
AUS,SFO,60
AUS,SJC,82
AUS,SLC,106
AUS,SNA,31
AUS,STL,31
AUS,TPA,60
AUS,TUL,57
AUS,TUS,57
AVL,ATL,192
AVL,CVG,2
AVL,DTW,113
AVL,EWR,66
AVL,IAH,60
AVL,MSP,60
AVP,ATL,139
AVP,CVG,38
AVP,DTW,114
AVP,ORD,113
AZO,DTW,174
AZO,MSP,60
AZO,ORD,407
BDL,ATL,262
BDL,BNA,60
BDL,BWI,510
BDL,CLE,85
BDL,CLT,281
BDL,CVG,196
BDL,DCA,199
BDL,DEN,52
BDL,DFW,89
BDL,DTW,259
BDL,EWR,224
BDL,FLL,86
BDL,IAD,183
BDL,IAH,6
BDL,IND,97
BDL,JFK,158
BDL,LAS,60
BDL,LAX,29
BDL,MCO,275
BDL,MDW,164
BDL,MIA,31
BDL,MKE,112
BDL,MSP,168
BDL,ORD,645
BDL,PBI,49
BDL,PHL,104
BDL,PHX,60
BDL,RDU,176
BDL,RSW,47
BDL,SJU,31
BDL,TPA,202
BET,ANC,88
BFL,DEN,60
BFL,LAS,29
BFL,LAX,122
BFL,PHX,172
BFL,SAN,57
BFL,SFO,173
BFL,SLC,103
BFL,SMF,56
BGM,DTW,120
BGR,ATL,54
BGR,BOS,106
BGR,BTV,1
BGR,CVG,67
BGR,DTW,120
BGR,EWR,65
BHM,ATL,375
BHM,AUS,1
BHM,BNA,113
BHM,BWI,166
BHM,CLT,100
BHM,CVG,98
BHM,DAL,179
BHM,DEN,115
BHM,DFW,93
BHM,DTW,180
BHM,EWR,98
BHM,HOU,114
BHM,IAD,60
BHM,IAH,344
BHM,JAX,60
BHM,LAS,60
BHM,LGA,169
BHM,MCO,176
BHM,MDW,112
BHM,MEM,146
BHM,MKE,1
BHM,MSY,177
BHM,ORD,288
BHM,PHX,60
BHM,RDU,101
BHM,SDF,114
BHM,SLC,8
BHM,STL,60
BHM,TPA,180
BIL,DEN,246
BIL,MSP,126
BIL,PIH,3
BIL,SLC,319
BIS,DEN,179
BIS,MSP,236
BIS,RAP,1
BLI,SLC,59
BMI,ATL,409
BMI,LAS,28
BMI,MCO,28
BMI,ORD,397
BNA,ATL,407
BNA,AUS,160
BNA,BDL,60
BNA,BHM,119
BNA,BOS,2
BNA,BWI,443
BNA,CLE,232
BNA,CLT,324
BNA,CMH,113
BNA,COS,1
BNA,CVG,211
BNA,DCA,219
BNA,DEN,400
BNA,DFW,240
BNA,DTW,446
BNA,EWR,280
BNA,FLL,120
BNA,HOU,278
BNA,IAD,86
BNA,IAH,424
BNA,JAX,220
BNA,JFK,176
BNA,LAS,234
BNA,LAX,205
BNA,LGA,84
BNA,MCI,217
BNA,MCO,281
BNA,MDW,495
BNA,MEM,162
BNA,MIA,62
BNA,MSP,117
BNA,MSY,124
BNA,OAK,60
BNA,ONT,60
BNA,ORD,536
BNA,PHL,158
BNA,PHX,226
BNA,PVD,60
BNA,RDU,284
BNA,SAN,120
BNA,SAT,113
BNA,SEA,60
BNA,SLC,45
BNA,STL,56
BNA,TPA,284
BOI,ATW,1
BOI,DEN,296
BOI,GEG,173
BOI,GJT,1
BOI,LAS,120
BOI,LAX,169
BOI,MSP,126
BOI,OAK,113
BOI,ONT,112
BOI,ORD,119
BOI,PDX,166
BOI,PHX,112
BOI,PIT,1
BOI,RNO,161
BOI,SAN,114
BOI,SEA,180
BOI,SFO,300
BOI,SLC,591
BOS,ATL,745
BOS,AUS,31
BOS,BGR,107
BOS,BNA,2
BOS,BTV,1
BOS,BUF,62
BOS,BWI,685
BOS,CAK,60
BOS,CHS,57
BOS,CLE,105
BOS,CLT,555
BOS,CMH,154
BOS,CVG,290
BOS,DCA,1524
BOS,DEN,296
BOS,DFW,236
BOS,DTW,401
BOS,EWR,339
BOS,FLL,325
BOS,GSO,57
BOS,IAD,527
BOS,IAH,141
BOS,IND,162
BOS,JAX,103
BOS,JFK,861
BOS,LAS,207
BOS,LAX,303
BOS,LGA,1827
BOS,LGB,57
BOS,MCO,435
BOS,MEM,29
BOS,MIA,186
BOS,MSP,226
BOS,MSY,4
BOS,OAK,31
BOS,ORD,800
BOS,ORF,93
BOS,PBI,229
BOS,PDX,31
BOS,PHF,109
BOS,PHL,934
BOS,PHX,180
BOS,PIT,67
BOS,RDU,427
BOS,RIC,60
BOS,RSW,241
BOS,SAN,60
BOS,SAV,53
BOS,SDF,32
BOS,SEA,62
BOS,SFO,344
BOS,SJC,31
BOS,SJU,172
BOS,SLC,94
BOS,SRQ,4
BOS,STL,58
BOS,STT,17
BOS,TPA,240
BPT,IAH,72
BQK,ATL,127
BQN,EWR,31
BQN,JFK,62
BQN,MCO,31
BRO,IAH,212
BRW,ANC,31
BRW,FAI,31
BTM,SLC,120
BTR,ATL,468
BTR,CVG,2
BTR,DCA,52
BTR,DEN,1
BTR,DFW,405
BTR,IAH,276
BTR,MEM,165
BTR,ORD,56
BTV,ATL,54
BTV,CLE,66
BTV,CVG,60
BTV,DTW,126
BTV,EWR,234
BTV,IND,1
BTV,JFK,303
BTV,MCO,22
BTV,ORD,99
BUF,ATL,546
BUF,BOS,62
BUF,BWI,395
BUF,CLE,105
BUF,CLT,232
BUF,CVG,4
BUF,DCA,52
BUF,DTW,219
BUF,EWR,270
BUF,FLL,57
BUF,JFK,252
BUF,LAS,60
BUF,MCO,273
BUF,MDW,179
BUF,MSP,6
BUF,ORD,520
BUF,PHL,104
BUF,PHX,60
BUF,RSW,42
BUF,TPA,119
BUR,DEN,179
BUR,DFW,105
BUR,JFK,116
BUR,LAS,788
BUR,OAK,954
BUR,PDX,31
BUR,PHX,849
BUR,PSP,1
BUR,SEA,123
BUR,SFO,399
BUR,SJC,556
BUR,SLC,304
BUR,SMF,612
BUR,TUS,1
BWI,ABQ,60
BWI,ALB,394
BWI,ATL,781
BWI,AUS,120
BWI,BDL,500
BWI,BHM,160
BWI,BNA,437
BWI,BOS,685
BWI,BUF,395
BWI,CLE,417
BWI,CLT,581
BWI,CMH,277
BWI,CVG,209
BWI,DAB,6
BWI,DAY,121
BWI,DEN,430
BWI,DFW,174
BWI,DTW,561
BWI,EWR,161
BWI,FLL,468
BWI,HOU,218
BWI,IAH,137
BWI,IND,169
BWI,ISP,403
BWI,JAN,114
BWI,JAX,172
BWI,JFK,225
BWI,LAS,255
BWI,LAX,134
BWI,LIT,60
BWI,MCI,172
BWI,MCO,820
BWI,MDW,475
BWI,MEM,113
BWI,MHT,629
BWI,MIA,118
BWI,MKE,228
BWI,MSP,173
BWI,MSY,60
BWI,OKC,60
BWI,ORD,551
BWI,ORF,278
BWI,PBI,266
BWI,PHL,111
BWI,PHX,354
BWI,PIT,180
BWI,PVD,675
BWI,PWM,120
BWI,RDU,332
BWI,ROC,120
BWI,RSW,228
BWI,SAN,118
BWI,SAT,120
BWI,SDF,269
BWI,SFO,60
BWI,SJU,31
BWI,SLC,107
BWI,SRQ,60
BWI,STL,278
BWI,TPA,577
BZN,ATL,8
BZN,BTM,1
BZN,DEN,283
BZN,DTW,2
BZN,IDA,1
BZN,MSP,141
BZN,ORD,68
BZN,SFO,8
BZN,SLC,351
CAE,ATL,425
CAE,CVG,198
CAE,DFW,180
CAE,DTW,120
CAE,EWR,113
CAE,IAD,237
CAE,LGA,101
CAE,MEM,74
CAE,ORD,283
CAK,ATL,618
CAK,BOS,60
CAK,CVG,8
CAK,DEN,119
CAK,DTW,167
CAK,FLL,2
CAK,LAS,26
CAK,LGA,120
CAK,MCO,60
CAK,ORD,169
CAK,RSW,48
CAK,TPA,54
CDC,SGU,1
CDC,SLC,101
CDV,ANC,31
CDV,YAK,31
CEC,ACV,60
CEC,SFO,111
CHA,ATL,327
CHA,CVG,48
CHA,DFW,60
CHA,IAH,112
CHA,MEM,60
CHA,ORD,116
CHO,ATL,142
CHO,CVG,1
CHS,ATL,607
CHS,BOS,57
CHS,CLT,143
CHS,CVG,146
CHS,DFW,179
CHS,DTW,115
CHS,EWR,145
CHS,IAD,232
CHS,IAH,5
CHS,JAX,2
CHS,LGA,214
CHS,MEM,119
CHS,MSP,2
CHS,ORD,206
CIC,FAT,1
CIC,MRY,1
CIC,SFO,220
CID,ATL,61
CID,CVG,145
CID,DEN,115
CID,DFW,261
CID,DTW,172
CID,MSP,173
CID,ORD,551
CLD,LAX,381
CLD,PHX,44
CLE,ABE,147
CLE,ALB,177
CLE,ATL,482
CLE,AUS,69
CLE,BDL,78
CLE,BNA,225
CLE,BOS,108
CLE,BTV,66
CLE,BUF,99
CLE,BWI,424
CLE,CLT,275
CLE,CMH,14
CLE,CVG,154
CLE,DAB,2
CLE,DAY,154
CLE,DCA,181
CLE,DEN,155
CLE,DFW,229
CLE,DTW,255
CLE,EWR,180
CLE,FLL,49
CLE,GRR,195
CLE,GSP,67
CLE,IAD,276
CLE,IAH,184
CLE,IND,48
CLE,JFK,222
CLE,LAS,145
CLE,LAX,73
CLE,LGA,393
CLE,MCI,170
CLE,MCO,233
CLE,MDW,477
CLE,MEM,167
CLE,MHT,170
CLE,MIA,37
CLE,MKE,230
CLE,MSN,53
CLE,MSP,292
CLE,MSY,15
CLE,OKC,22
CLE,OMA,2
CLE,ORD,792
CLE,ORF,2
CLE,PBI,39
CLE,PHL,24
CLE,PHX,121
CLE,PVD,55
CLE,PWM,6
CLE,RDU,50
CLE,RIC,146
CLE,ROC,146
CLE,RSW,59
CLE,SAN,6
CLE,SAT,48
CLE,SDF,96
CLE,SEA,7
CLE,SFO,32
CLE,SJU,4
CLE,SLC,55
CLE,SRQ,54
CLE,STL,170
CLE,SYR,92
CLE,TPA,67
CLE,TYS,55
CLL,DFW,231
CLL,IAH,58
CLT,ABE,60
CLT,ALB,172
CLT,ATL,1135
CLT,ATW,1
CLT,BDL,281
CLT,BHM,100
CLT,BNA,324
CLT,BOS,550
CLT,BUF,232
CLT,BWI,589
CLT,CHS,143
CLT,CLE,277
CLT,CMH,49
CLT,CVG,110
CLT,DAB,18
CLT,DCA,484
CLT,DEN,352
CLT,DFW,443
CLT,DTW,476
CLT,EGE,8
CLT,EWR,865
CLT,FLL,553
CLT,GRR,1
CLT,GSO,153
CLT,IAD,514
CLT,IAH,556
CLT,ILM,143
CLT,IND,230
CLT,JAX,411
CLT,JFK,255
CLT,LAS,300
CLT,LAX,237
CLT,LGA,1016
CLT,LIT,8
CLT,MCI,199
CLT,MCO,588
CLT,MDT,180
CLT,MDW,13
CLT,MEM,286
CLT,MHT,108
CLT,MIA,724
CLT,MKE,111
CLT,MSP,233
CLT,MSY,240
CLT,MYR,367
CLT,ORD,907
CLT,ORF,279
CLT,PBI,358
CLT,PHL,569
CLT,PHX,366
CLT,PIT,403
CLT,PNS,164
CLT,PVD,216
CLT,PWM,60
CLT,RDU,395
CLT,RIC,280
CLT,ROC,76
CLT,RSW,321
CLT,SAN,114
CLT,SAV,236
CLT,SDF,103
CLT,SEA,60
CLT,SFO,229
CLT,SJU,156
CLT,SLC,26
CLT,SRQ,32
CLT,STL,152
CLT,STT,75
CLT,STX,8
CLT,SYR,120
CLT,TPA,499
CMH,ATL,188
CMH,BNA,119
CMH,BOS,157
CMH,BWI,275
CMH,CLE,15
CMH,CLT,49
CMH,CVG,218
CMH,DEN,55
CMH,DFW,205
CMH,DTW,281
CMH,EWR,278
CMH,IAH,108
CMH,JFK,131
CMH,LAS,231
CMH,LAX,5
CMH,LGA,422
CMH,MCI,103
CMH,MCO,180
CMH,MDW,458
CMH,MEM,178
CMH,MIA,76
CMH,MKE,155
CMH,MSP,180
CMH,OMA,1
CMH,ORD,833
CMH,PHL,160
CMH,PHX,180
CMH,RDU,116
CMH,RSW,58
CMH,SLC,49
CMH,STL,114
CMH,TPA,179
CMI,DFW,60
CMI,ORD,411
CMX,MSP,60
COD,DEN,60
COD,SLC,120
COS,ATL,108
COS,CVG,51
COS,DEN,672
COS,DFW,155
COS,FAT,1
COS,IAH,284
COS,LAN,1
COS,LAS,25
COS,LAX,173
COS,MCI,112
COS,MSP,81
COS,ONT,114
COS,ORD,194
COS,PHX,235
COS,SAN,112
COS,SFO,59
COS,SLC,175
COS,SMF,107
CPR,DEN,293
CPR,MSP,32
CPR,PIH,1
CPR,SLC,230
CRP,ATL,6
CRP,DFW,360
CRP,HOU,326
CRP,IAH,1
CRW,ATL,218
CRW,BNA,1
CRW,CVG,47
CRW,IAH,113
CRW,ORD,120
CSG,ATL,230
CVG,ABE,39
CVG,ABQ,40
CVG,ALB,161
CVG,ATL,377
CVG,ATW,144
CVG,AUS,154
CVG,AVL,2
CVG,AVP,38
CVG,BDL,195
CVG,BGR,66
CVG,BHM,210
CVG,BNA,269
CVG,BOS,297
CVG,BTR,2
CVG,BTV,60
CVG,BUF,12
CVG,BWI,208
CVG,CAE,204
CVG,CAK,7
CVG,CHA,49
CVG,CHS,146
CVG,CID,145
CVG,CLE,154
CVG,CLT,110
CVG,CMH,203
CVG,COS,51
CVG,CRW,47
CVG,DAB,5
CVG,DAY,191
CVG,DCA,236
CVG,DEN,222
CVG,DFW,457
CVG,DSM,172
CVG,DTW,600
CVG,EGE,12
CVG,EWR,487
CVG,FLL,136
CVG,FSD,61
CVG,GRB,110
CVG,GRR,253
CVG,GSO,135
CVG,GSP,2
CVG,HPN,4
CVG,HSV,140
CVG,IAD,130
CVG,IAH,417
CVG,IND,27
CVG,JAC,6
CVG,JAN,62
CVG,JAX,214
CVG,JFK,222
CVG,LAN,111
CVG,LAS,125
CVG,LAX,155
CVG,LEX,236
CVG,LGA,585
CVG,MCI,257
CVG,MCO,173
CVG,MDT,162
CVG,MEM,255
CVG,MHT,161
CVG,MIA,254
CVG,MKE,206
CVG,MSP,289
CVG,MSY,58
CVG,OKC,162
CVG,OMA,164
CVG,ORD,964
CVG,ORF,58
CVG,PBI,113
CVG,PDX,44
CVG,PFN,5
CVG,PHL,284
CVG,PHX,86
CVG,PIT,304
CVG,PVD,162
CVG,PWM,119
CVG,RDU,202
CVG,RIC,208
CVG,ROC,148
CVG,RSW,115
CVG,SAN,85
CVG,SAT,163
CVG,SAV,103
CVG,SDF,91
CVG,SEA,94
CVG,SFO,94
CVG,SGF,61
CVG,SLC,220
CVG,SNA,30
CVG,SRQ,113
CVG,STL,161
CVG,SYR,170
CVG,TPA,149
CVG,TRI,67
CVG,TUL,163
CVG,TYS,201
CVG,VPS,44
CWA,DTW,27
CWA,MSP,12
CWA,ORD,175
DAB,ATL,396
DAB,BWI,6
DAB,CLE,2
DAB,CLT,18
DAB,CVG,5
DAB,EWR,38
DAB,LGA,34
DAL,ABQ,498
DAL,AMA,439
DAL,AUS,1149
DAL,BHM,179
DAL,ELP,336
DAL,HOU,1599
DAL,IAH,702
DAL,LBB,446
DAL,LIT,388
DAL,MAF,328
DAL,MCI,777
DAL,MSY,341
DAL,OKC,271
DAL,SAT,801
DAL,STL,444
DAL,TUL,381
DAY,ATL,520
DAY,BWI,120
DAY,CLE,148
DAY,CVG,191
DAY,DEN,163
DAY,DFW,90
DAY,DTW,172
DAY,EWR,157
DAY,IAH,120
DAY,LAS,26
DAY,MCO,64
DAY,MSP,113
DAY,ORD,341
DAY,TPA,48
DBQ,ORD,232
DCA,ALB,52
DCA,ATL,985
DCA,BDL,200
DCA,BNA,219
DCA,BOS,1511
DCA,BTR,52
DCA,BUF,96
DCA,CLE,180
DCA,CLT,489
DCA,CVG,235
DCA,DEN,240
DCA,DFW,325
DCA,DSM,14
DCA,DTW,485
DCA,EWR,318
DCA,FLL,242
DCA,GRR,52
DCA,HSV,99
DCA,IAH,279
DCA,IND,164
DCA,JAN,50
DCA,JAX,114
DCA,JFK,535
DCA,LAS,60
DCA,LAX,31
DCA,LEX,54
DCA,LGA,1733
DCA,MCO,295
DCA,MEM,168
DCA,MHT,52
DCA,MIA,248
DCA,MSN,16
DCA,MSP,310
DCA,MSY,48
DCA,ORD,1000
DCA,PBI,193
DCA,PHL,4
DCA,PHX,180
DCA,PIT,44
DCA,PVD,112
DCA,RDU,460
DCA,RSW,135
DCA,SEA,62
DCA,SLC,46
DCA,SRQ,2
DCA,STL,111
DCA,SYR,52
DCA,TPA,240
DCA,XNA,52
DEN,ABQ,483
DEN,AMA,120
DEN,ANC,17
DEN,ASE,856
DEN,ATL,892
DEN,AUS,407
DEN,BDL,52
DEN,BFL,60
DEN,BHM,113
DEN,BIL,248
DEN,BIS,180
DEN,BNA,408
DEN,BOI,296
DEN,BOS,332
DEN,BTR,1
DEN,BUR,239
DEN,BWI,425
DEN,BZN,278
DEN,CAK,120
DEN,CID,112
DEN,CLE,150
DEN,CLT,352
DEN,CMH,115
DEN,COD,60
DEN,COS,672
DEN,CPR,293
DEN,CRW,1
DEN,CVG,222
DEN,DAY,163
DEN,DCA,241
DEN,DFW,1033
DEN,DRO,382
DEN,DSM,234
DEN,DTW,480
DEN,EGE,398
DEN,ELP,175
DEN,EUG,120
DEN,EWR,269
DEN,FAR,175
DEN,FAT,201
DEN,FCA,120
DEN,FLL,166
DEN,FSD,235
DEN,GEG,135
DEN,GJT,384
DEN,GRB,2
DEN,GRR,40
DEN,GTF,119
DEN,GUC,122
DEN,HDN,312
DEN,HLN,1
DEN,HNL,60
DEN,HOU,173
DEN,HSV,78
DEN,IAD,467
DEN,IAH,518
DEN,ICT,287
DEN,IDA,172
DEN,IND,293
DEN,JAC,128
DEN,JAX,43
DEN,JFK,87
DEN,KOA,8
DEN,LAS,1298
DEN,LAX,1327
DEN,LGA,511
DEN,LIH,8
DEN,LIT,1
DEN,LNK,184
DEN,MCI,790
DEN,MCO,572
DEN,MDW,641
DEN,MEM,281
DEN,MFR,60
DEN,MIA,151
DEN,MKE,262
DEN,MLI,75
DEN,MRY,58
DEN,MSN,167
DEN,MSO,187
DEN,MSP,778
DEN,MSY,174
DEN,MTJ,311
DEN,OAK,583
DEN,OGG,15
DEN,OKC,354
DEN,OMA,371
DEN,ONT,252
DEN,ORD,789
DEN,PBI,49
DEN,PDX,569
DEN,PHL,405
DEN,PHX,1350
DEN,PIA,60
DEN,PIH,1
DEN,PIT,141
DEN,PSC,172
DEN,PSP,213
DEN,RAP,352
DEN,RDU,60
DEN,RFD,112
DEN,RNO,196
DEN,RSW,84
DEN,SAN,703
DEN,SAT,427
DEN,SBA,120
DEN,SDF,107
DEN,SEA,891
DEN,SFO,838
DEN,SGF,172
DEN,SJC,480
DEN,SLC,1455
DEN,SMF,472
DEN,SNA,546
DEN,STL,242
DEN,TPA,314
DEN,TUL,242
DEN,TUS,368
DEN,TYS,77
DEN,XNA,115
DFW,ABI,464
DFW,ABQ,244
DFW,ACT,403
DFW,AEX,180
DFW,AMA,420
DFW,ATL,1131
DFW,AUS,453
DFW,BDL,89
DFW,BHM,93
DFW,BNA,240
DFW,BOS,237
DFW,BTR,405
DFW,BUR,105
DFW,BWI,174
DFW,CAE,180
DFW,CHA,60
DFW,CHS,180
DFW,CID,261
DFW,CLE,229
DFW,CLL,231
DFW,CLT,443
DFW,CMH,205
DFW,CMI,60
DFW,COS,155
DFW,CRP,360
DFW,CVG,457
DFW,DAY,90
DFW,DCA,325
DFW,DEN,1033
DFW,DSM,347
DFW,DTW,275
DFW,EGE,74
DFW,ELP,241
DFW,EVV,60
DFW,EWR,283
DFW,FAT,62
DFW,FLL,207
DFW,FNT,60
DFW,FSM,301
DFW,FWA,112
DFW,GGG,179
DFW,GPT,180
DFW,GRK,467
DFW,GRR,119
DFW,GSO,180
DFW,GSP,181
DFW,GUC,31
DFW,HDN,34
DFW,HNL,62
DFW,HOU,356
DFW,HSV,239
DFW,IAD,151
DFW,IAH,587
DFW,ICT,248
DFW,IND,182
DFW,JAC,18
DFW,JAN,406
DFW,JAX,120
DFW,JFK,85
DFW,LAS,610
DFW,LAW,344
DFW,LAX,612
DFW,LBB,527
DFW,LEX,120
DFW,LFT,234
DFW,LGA,440
DFW,LIT,593
DFW,LRD,229
DFW,MAF,350
DFW,MCI,244
DFW,MCO,370
DFW,MDT,60
DFW,MEM,262
DFW,MFE,123
DFW,MIA,279
DFW,MKE,116
DFW,MLI,60
DFW,MLU,171
DFW,MOB,181
DFW,MSN,120
DFW,MSP,298
DFW,MSY,213
DFW,MTJ,52
DFW,OAK,93
DFW,OGG,31
DFW,OKC,273
DFW,OMA,147
DFW,ONT,151
DFW,ORD,853
DFW,ORF,122
DFW,PBI,85
DFW,PDX,120
DFW,PHL,373
DFW,PHX,608
DFW,PIA,60
DFW,PIT,354
DFW,PNS,295
DFW,PSP,93
DFW,RDU,182
DFW,RIC,89
DFW,RNO,92
DFW,ROW,120
DFW,RSW,93
DFW,SAN,306
DFW,SAT,425
DFW,SAV,120
DFW,SBA,60
DFW,SDF,182
DFW,SEA,337
DFW,SFO,312
DFW,SGF,534
DFW,SHV,583
DFW,SJC,178
DFW,SJT,241
DFW,SJU,93
DFW,SLC,346
DFW,SMF,130
DFW,SNA,337
DFW,SPS,403
DFW,STL,330
DFW,SYR,1
DFW,TPA,244
DFW,TUL,454
DFW,TUS,244
DFW,TXK,240
DFW,TYR,299
DFW,TYS,236
DFW,VPS,273
DFW,XNA,387
DHN,ATL,228
DLH,DTW,62
DLH,MSP,247
DRO,ABQ,1
DRO,DEN,382
DRO,PHX,125
DRO,SLC,112
DSM,ATL,173
DSM,CVG,172
DSM,DCA,14
DSM,DEN,281
DSM,DFW,347
DSM,DTW,159
DSM,IAH,120
DSM,LAX,17
DSM,LGA,120
DSM,MEM,180
DSM,MSP,162
DSM,ORD,741
DSM,PHX,120
DSM,RFD,1
DSM,SLC,3
DTW,ABE,164
DTW,ALB,174
DTW,ATL,852
DTW,ATW,78
DTW,AVL,113
DTW,AVP,114
DTW,AZO,174
DTW,BDL,274
DTW,BGM,120
DTW,BGR,120
DTW,BHM,180
DTW,BNA,425
DTW,BOS,401
DTW,BTV,110
DTW,BUF,235
DTW,BWI,562
DTW,BZN,2
DTW,CAE,120
DTW,CAK,167
DTW,CHS,120
DTW,CID,156
DTW,CLE,283
DTW,CLT,477
DTW,CMH,289
DTW,CVG,632
DTW,CWA,27
DTW,DAY,143
DTW,DCA,485
DTW,DEN,481
DTW,DFW,276
DTW,DLH,91
DTW,DSM,155
DTW,ELM,113
DTW,ERI,138
DTW,EVV,221
DTW,EWR,656
DTW,FLL,268
DTW,FNT,264
DTW,FWA,213
DTW,GRB,268
DTW,GRR,337
DTW,GSO,183
DTW,GSP,180
DTW,HPN,118
DTW,HSV,115
DTW,IAD,419
DTW,IAH,377
DTW,IND,466
DTW,JAN,114
DTW,JAX,142
DTW,JFK,273
DTW,LAN,259
DTW,LAS,341
DTW,LAX,260
DTW,LEX,149
DTW,LGA,779
DTW,LIT,36
DTW,LNK,60
DTW,MBS,173
DTW,MCI,216
DTW,MCO,585
DTW,MDT,44
DTW,MDW,674
DTW,MEM,439
DTW,MHT,159
DTW,MIA,242
DTW,MKE,293
DTW,MLI,159
DTW,MSN,288
DTW,MSP,847
DTW,MSY,17
DTW,MYR,60
DTW,OKC,104
DTW,OMA,120
DTW,ORD,1101
DTW,ORF,201
DTW,PBI,84
DTW,PDX,6
DTW,PHL,450
DTW,PHX,469
DTW,PIA,110
DTW,PIT,258
DTW,PLN,38
DTW,PVD,185
DTW,PWM,18
DTW,RDU,193
DTW,RIC,145
DTW,ROA,81
DTW,ROC,185
DTW,RST,47
DTW,RSW,248
DTW,SAN,66
DTW,SAT,115
DTW,SAV,65
DTW,SBN,179
DTW,SCE,60
DTW,SDF,228
DTW,SEA,180
DTW,SFO,180
DTW,SGF,31
DTW,SHV,47
DTW,SJU,68
DTW,SLC,49
DTW,SRQ,88
DTW,STL,407
DTW,STT,7
DTW,SWF,115
DTW,SYR,195
DTW,TPA,312
DTW,TUL,120
DTW,TVC,182
DTW,TYS,163
DTW,XNA,60
EGE,ATL,45
EGE,CLT,8
EGE,CVG,12
EGE,DEN,399
EGE,DFW,74
EGE,EWR,62
EGE,IAH,31
EGE,LAX,31
EGE,LGA,4
EGE,MIA,8
EGE,MSP,60
EGE,ORD,35
EKO,SLC,287
EKO,TWF,3
ELM,DTW,113
ELP,ABQ,156
ELP,ATL,64
ELP,AUS,223
ELP,DAL,335
ELP,DEN,175
ELP,DFW,241
ELP,HOU,174
ELP,IAH,150
ELP,LAS,147
ELP,LAX,172
ELP,LBB,58
ELP,ONT,57
ELP,ORD,62
ELP,PHX,689
ELP,SAN,60
ELP,SAT,232
ELP,SLC,60
ELP,TUS,57
ERI,DTW,163
EUG,DEN,120
EUG,FAT,1
EUG,LAS,29
EUG,LAX,57
EUG,MFR,1
EUG,PDX,277
EUG,PHX,60
EUG,SFO,406
EUG,SLC,111
EVV,ATL,234
EVV,DFW,60
EVV,DTW,220
EVV,MEM,78
EVV,ORD,332
EWN,ATL,135
EWR,ABQ,16
EWR,ALB,169
EWR,ATL,906
EWR,AUS,77
EWR,AVL,66
EWR,BDL,231
EWR,BGR,64
EWR,BHM,99
EWR,BNA,279
EWR,BOS,335
EWR,BQN,31
EWR,BTV,234
EWR,BUF,275
EWR,BWI,160
EWR,CAE,113
EWR,CHS,145
EWR,CLE,179
EWR,CLT,863
EWR,CMH,279
EWR,CVG,490
EWR,DAB,38
EWR,DAY,156
EWR,DCA,314
EWR,DEN,272
EWR,DFW,283
EWR,DTW,656
EWR,EGE,62
EWR,FLL,399
EWR,GRB,1
EWR,GRR,99
EWR,GSO,221
EWR,GSP,147
EWR,HDN,4
EWR,HNL,31
EWR,IAD,342
EWR,IAH,322
EWR,IND,255
EWR,JAN,60
EWR,JAX,196
EWR,LAS,179
EWR,LAX,296
EWR,LEX,53
EWR,LIT,53
EWR,MCI,227
EWR,MCO,444
EWR,MDW,69
EWR,MEM,271
EWR,MHT,226
EWR,MIA,244
EWR,MKE,444
EWR,MSN,53
EWR,MSP,545
EWR,MSY,131
EWR,MTJ,4
EWR,MYR,39
EWR,OKC,55
EWR,OMA,120
EWR,ORD,915
EWR,ORF,201
EWR,PBI,307
EWR,PDX,37
EWR,PHX,310
EWR,PIT,288
EWR,PSE,16
EWR,PVD,237
EWR,PWM,227
EWR,RDU,528
EWR,RIC,276
EWR,ROC,219
EWR,RSW,183
EWR,SAN,92
EWR,SAT,76
EWR,SAV,124
EWR,SDF,156
EWR,SEA,154
EWR,SFO,274
EWR,SJC,16
EWR,SJU,157
EWR,SLC,102
EWR,SNA,61
EWR,SRQ,56
EWR,STL,263
EWR,STT,31
EWR,SYR,224
EWR,TPA,285
EWR,TUL,55
EWR,TUS,31
EWR,TYS,63
EWR,XNA,85
EYW,ATL,181
FAI,ANC,279
FAI,BRW,31
FAI,SCC,31
FAI,SEA,62
FAR,DEN,175
FAR,LAN,1
FAR,MCI,1
FAR,MSP,330
FAR,ORD,225
FAR,SLC,52
FAR,STL,1
FAT,DEN,200
FAT,DFW,62
FAT,LAS,328
FAT,LAX,702
FAT,LGB,101
FAT,OGD,1
FAT,ONT,57
FAT,PHX,284
FAT,SAN,113
FAT,SFO,404
FAT,SLC,139
FAT,TWF,1
FAY,ATL,335
FCA,DEN,120
FCA,IDA,2
FCA,MSP,22
FCA,SLC,287
FLG,PHX,289
FLL,ATL,1113
FLL,BDL,85
FLL,BNA,120
FLL,BOS,323
FLL,BUF,57
FLL,BWI,465
FLL,CAK,2
FLL,CLE,50
FLL,CLT,501
FLL,CVG,137
FLL,DCA,234
FLL,DEN,166
FLL,DFW,207
FLL,DTW,267
FLL,EWR,399
FLL,GPT,60
FLL,HOU,112
FLL,HPN,110
FLL,IAD,137
FLL,IAH,155
FLL,IND,140
FLL,ISP,180
FLL,JAX,344
FLL,JFK,481
FLL,LAS,124
FLL,LAX,79
FLL,LGA,357
FLL,LGB,31
FLL,MCO,343
FLL,MDW,300
FLL,MEM,102
FLL,MSP,97
FLL,MSY,63
FLL,OAK,13
FLL,ORD,249
FLL,PHF,47
FLL,PHL,642
FLL,PHX,120
FLL,PIT,142
FLL,PSE,31
FLL,PVD,60
FLL,RDU,48
FLL,RIC,31
FLL,ROC,48
FLL,SJU,93
FLL,SLC,46
FLL,STL,91
FLL,SWF,55
FLL,SYR,31
FLL,TPA,505
FLO,ATL,109
FNT,ATL,533
FNT,DFW,60
FNT,DTW,291
FNT,LAS,34
FNT,LGA,104
FNT,MCO,120
FNT,MSP,57
FNT,ORD,236
FNT,RSW,48
FNT,TPA,48
FSD,ATL,52
FSD,CVG,61
FSD,DEN,235
FSD,GRB,1
FSD,MSN,1
FSD,MSP,299
FSD,ORD,285
FSD,SLC,7
FSM,ATL,106
FSM,DFW,302
FSM,MEM,31
FWA,ATL,165
FWA,DFW,112
FWA,DTW,184
FWA,ORD,523
GEG,BOI,166
GEG,DEN,135
GEG,LAS,120
GEG,LAX,70
GEG,LGB,1
GEG,MSP,126
GEG,OAK,120
GEG,ONT,105
GEG,ORD,60
GEG,PDX,219
GEG,PHX,120
GEG,RDM,1
GEG,RNO,55
GEG,SAN,114
GEG,SEA,591
GEG,SLC,320
GEG,SMF,107
GEG,TUS,57
GFK,MSP,232
GGG,DFW,180
GJT,DEN,379
GJT,LAX,1
GJT,ORD,3
GJT,PHX,172
GJT,SLC,174
GNV,ATL,335
GPT,ATL,520
GPT,DFW,180
GPT,FLL,60
GPT,IAH,311
GPT,MEM,165
GPT,ORD,56
GPT,TPA,60
GRB,ATL,40
GRB,CVG,109
GRB,DEN,1
GRB,DTW,269
GRB,MKE,1
GRB,MQT,60
GRB,MSP,218
GRB,ORD,593
GRB,SDF,1
GRK,ATL,118
GRK,DFW,469
GRK,IAH,111
GRR,ATL,221
GRR,CLE,196
GRR,CVG,253
GRR,DCA,52
GRR,DEN,39
GRR,DFW,120
GRR,DTW,409
GRR,EWR,98
GRR,IAH,115
GRR,LGA,60
GRR,MCO,60
GRR,MEM,31
GRR,MSP,238
GRR,ORD,562
GSO,ATL,391
GSO,BOS,49
GSO,CLT,153
GSO,CVG,173
GSO,DFW,180
GSO,DTW,182
GSO,EWR,221
GSO,IAD,37
GSO,IAH,160
GSO,JAX,1
GSO,LGA,125
GSO,MCO,10
GSO,MEM,130
GSO,MIA,60
GSO,MSP,60
GSO,ORD,143
GSP,ATL,341
GSP,CLE,67
GSP,CVG,2
GSP,DFW,181
GSP,DTW,195
GSP,EWR,147
GSP,IAD,206
GSP,IAH,132
GSP,LGA,102
GSP,MCO,46
GSP,MEM,180
GSP,ORD,322
GTF,DEN,120
GTF,MSP,104
GTF,SLC,179
GTR,ATL,164
GUC,DEN,120
GUC,DFW,31
HDN,ATL,47
HDN,DEN,315
HDN,DFW,35
HDN,EWR,4
HDN,IAH,31
HDN,JFK,6
HDN,LGA,6
HDN,MSP,60
HDN,ORD,93
HDN,SLC,120
HHH,ATL,152
HLN,MSP,60
HLN,SLC,209
HNL,ANC,31
HNL,ATL,93
HNL,DEN,60
HNL,DFW,62
HNL,EWR,31
HNL,IAH,62
HNL,ITO,1215
HNL,KOA,1482
HNL,LAS,120
HNL,LAX,656
HNL,LIH,1774
HNL,MSP,60
HNL,OAK,31
HNL,OGG,2055
HNL,ORD,91
HNL,PDX,120
HNL,PHX,140
HNL,SAN,68
HNL,SEA,279
HNL,SFO,354
HNL,SJC,60
HNL,SLC,47
HNL,SMF,60
HNL,SNA,37
HOU,ABQ,171
HOU,ATL,587
HOU,AUS,393
HOU,BHM,112
HOU,BNA,285
HOU,BWI,226
HOU,CRP,325
HOU,DAL,1617
HOU,DEN,173
HOU,DFW,356
HOU,ELP,171
HOU,FLL,114
HOU,HRL,491
HOU,JAN,220
HOU,JAX,60
HOU,JFK,90
HOU,LAS,239
HOU,LAX,227
HOU,LIT,60
HOU,MAF,113
HOU,MCO,285
HOU,MDW,351
HOU,MSY,606
HOU,OAK,113
HOU,OKC,217
HOU,PHL,111
HOU,PHX,292
HOU,SAN,60
HOU,SAT,434
HOU,STL,230
HOU,TPA,220
HOU,TUL,214
HPN,ATL,338
HPN,CVG,5
HPN,DTW,118
HPN,FLL,110
HPN,MCO,168
HPN,ORD,595
HPN,PBI,148
HPN,PIT,1
HPN,RSW,84
HRL,AUS,60
HRL,HOU,490
HRL,IAH,99
HRL,SAT,114
HSV,ATL,336
HSV,CVG,133
HSV,DCA,101
HSV,DEN,77
HSV,DFW,239
HSV,DTW,115
HSV,IAD,118
HSV,IAH,208
HSV,LGA,50
HSV,MEM,178
HSV,ORD,115
HSV,TUS,1
IAD,ABQ,60
IAD,ATL,778
IAD,AUS,83
IAD,BDL,229
IAD,BHM,60
IAD,BNA,26
IAD,BOS,469
IAD,CAE,290
IAD,CHS,232
IAD,CLE,275
IAD,CLT,454
IAD,CVG,130
IAD,DCA,1
IAD,DEN,461
IAD,DFW,151
IAD,DTW,419
IAD,EWR,342
IAD,FLL,136
IAD,GSO,54
IAD,GSP,196
IAD,HSV,117
IAD,IAH,279
IAD,JAX,119
IAD,JFK,155
IAD,LAS,269
IAD,LAX,614
IAD,LGA,208
IAD,LGB,84
IAD,MCI,107
IAD,MCO,642
IAD,MDT,222
IAD,MDW,336
IAD,MHT,55
IAD,MIA,75
IAD,MSP,235
IAD,MSY,95
IAD,MYR,64
IAD,OAK,68
IAD,OKC,17
IAD,ORD,461
IAD,ORF,74
IAD,PDX,61
IAD,PHL,117
IAD,PHX,130
IAD,PIT,175
IAD,PVD,79
IAD,PWM,66
IAD,RDU,268
IAD,ROA,142
IAD,ROC,70
IAD,SAN,210
IAD,SAT,43
IAD,SAV,182
IAD,SEA,180
IAD,SFO,521
IAD,SJC,60
IAD,SJU,114
IAD,SLC,70
IAD,SMF,60
IAD,SPI,60
IAD,STT,43
IAD,SYR,88
IAD,TPA,306
IAD,TUS,17
IAH,ABQ,259
IAH,AEX,57
IAH,AMA,113
IAH,ANC,6
IAH,ATL,601
IAH,AUS,308
IAH,AVL,60
IAH,BDL,6
IAH,BHM,344
IAH,BNA,425
IAH,BOS,141
IAH,BPT,72
IAH,BRO,213
IAH,BTR,277
IAH,BWI,137
IAH,CHA,112
IAH,CHS,5
IAH,CLE,186
IAH,CLL,58
IAH,CLT,558
IAH,CMH,108
IAH,COS,284
IAH,CRP,1
IAH,CRW,113
IAH,CVG,413
IAH,DAL,702
IAH,DAY,115
IAH,DCA,285
IAH,DEN,524
IAH,DFW,588
IAH,DSM,120
IAH,DTW,377
IAH,EGE,31
IAH,ELP,150
IAH,EWR,323
IAH,FLL,155
IAH,GPT,312
IAH,GRK,112
IAH,GRR,115
IAH,GSO,160
IAH,GSP,132
IAH,HDN,31
IAH,HNL,62
IAH,HRL,99
IAH,HSV,208
IAH,IAD,248
IAH,ICT,263
IAH,IND,239
IAH,JAN,300
IAH,JAX,194
IAH,JFK,103
IAH,LAS,228
IAH,LAX,305
IAH,LBB,143
IAH,LCH,186
IAH,LEX,113
IAH,LFT,479
IAH,LGA,301
IAH,LIT,129
IAH,LRD,101
IAH,MAF,127
IAH,MCI,344
IAH,MCO,231
IAH,MEM,479
IAH,MFE,287
IAH,MGM,60
IAH,MIA,240
IAH,MKE,267
IAH,MLU,113
IAH,MOB,243
IAH,MSP,381
IAH,MSY,401
IAH,MTJ,43
IAH,OAK,85
IAH,OKC,379
IAH,OMA,318
IAH,ONT,93
IAH,ORD,599
IAH,ORF,153
IAH,PBI,170
IAH,PDX,99
IAH,PHL,143
IAH,PHX,581
IAH,PIT,219
IAH,PNS,92
IAH,PSP,70
IAH,RDU,252
IAH,RIC,135
IAH,RNO,59
IAH,RSW,111
IAH,SAN,179
IAH,SAT,312
IAH,SAV,134
IAH,SDF,52
IAH,SEA,163
IAH,SFO,245
IAH,SHV,174
IAH,SJC,82
IAH,SJU,59
IAH,SLC,456
IAH,SMF,93
IAH,SNA,152
IAH,STL,149
IAH,TLH,113
IAH,TPA,154
IAH,TUL,196
IAH,TUS,222
IAH,TYS,192
IAH,VPS,109
IAH,XNA,213
ICT,ATL,511
ICT,COS,1
ICT,DEN,284
ICT,DFW,248
ICT,IAH,263
ICT,LAX,98
ICT,MEM,93
ICT,MSP,120
ICT,ORD,514
ICT,PHX,120
ICT,PIA,1
ICT,SGF,1
IDA,DEN,173
IDA,MSP,60
IDA,SLC,349
ILM,ATL,280
ILM,CLT,145
IND,ATL,507
IND,BDL,97
IND,BOS,162
IND,BWI,169
IND,CLE,125
IND,CLT,290
IND,CVG,33
IND,DCA,164
IND,DEN,293
IND,DFW,182
IND,DTW,457
IND,EWR,250
IND,FLL,140
IND,IAH,167
IND,JAX,60
IND,LAS,228
IND,LAX,66
IND,LGA,218
IND,MCI,215
IND,MCO,382
IND,MDW,227
IND,MEM,180
IND,MIA,120
IND,MSP,300
IND,MSY,4
IND,ORD,626
IND,PHL,124
IND,PHX,240
IND,RDU,112
IND,RSW,212
IND,SRQ,60
IND,TPA,260
IPL,LAX,110
IPL,YUM,113
ISP,ATL,110
ISP,BWI,405
ISP,FLL,180
ISP,LAS,60
ISP,MCO,348
ISP,MDW,239
ISP,PBI,180
ISP,RSW,60
ISP,TPA,180
ITO,HNL,1215
ITO,OGG,60
IYK,BFL,1
IYK,LAX,160
JAC,ATL,20
JAC,CVG,6
JAC,DEN,128
JAC,DFW,19
JAC,IDA,1
JAC,LAX,8
JAC,ORD,91
JAC,SLC,225
JAN,ATL,423
JAN,BWI,114
JAN,CVG,62
JAN,DCA,48
JAN,DFW,407
JAN,DTW,114
JAN,EWR,59
JAN,HOU,224
JAN,IAH,300
JAN,MCO,60
JAN,MDW,114
JAN,MEM,122
JAN,ORD,52
JAX,ATL,813
JAX,AUS,57
JAX,BHM,60
JAX,BNA,219
JAX,BOS,108
JAX,BWI,167
JAX,CLT,411
JAX,CVG,212
JAX,DCA,107
JAX,DEN,43
JAX,DFW,120
JAX,DTW,142
JAX,EWR,195
JAX,FLL,348
JAX,HOU,60
JAX,IAD,119
JAX,IAH,194
JAX,IND,60
JAX,JFK,93
JAX,LAX,3
JAX,LGA,219
JAX,MCI,57
JAX,MEM,175
JAX,MSP,60
JAX,MSY,115
JAX,ORD,300
JAX,ORF,114
JAX,PHL,258
JAX,RDU,222
JAX,TPA,165
JFK,ATL,287
JFK,AUS,150
JFK,BDL,158
JFK,BNA,118
JFK,BOS,860
JFK,BQN,62
JFK,BTV,303
JFK,BUF,244
JFK,BUR,116
JFK,BWI,225
JFK,CLE,222
JFK,CLT,255
JFK,CMH,129
JFK,CVG,227
JFK,DCA,535
JFK,DEN,87
JFK,DFW,85
JFK,DTW,305
JFK,FLL,479
JFK,HDN,6
JFK,HOU,90
JFK,HPN,1
JFK,IAD,155
JFK,IAH,103
JFK,IND,6
JFK,JAX,93
JFK,LAS,491
JFK,LAX,940
JFK,LGB,116
JFK,MCO,520
JFK,MIA,237
JFK,MSP,173
JFK,MSY,93
JFK,OAK,83
JFK,ONT,31
JFK,ORD,459
JFK,ORF,2
JFK,PBI,257
JFK,PDX,77
JFK,PHL,108
JFK,PHX,305
JFK,PIT,364
JFK,PSE,31
JFK,PVD,104
JFK,PWM,142
JFK,RDU,581
JFK,RIC,144
JFK,ROC,275
JFK,RSW,200
JFK,SAN,138
JFK,SEA,153
JFK,SFO,835
JFK,SJC,31
JFK,SJU,324
JFK,SLC,197
JFK,SMF,31
JFK,SRQ,62
JFK,STL,154
JFK,STT,45
JFK,SYR,182
JFK,TPA,313
JFK,TUS,31
JNU,ANC,92
JNU,KTN,31
JNU,PSG,31
JNU,SEA,62
JNU,SIT,62
JNU,YAK,31
KOA,DEN,8
KOA,HNL,1481
KOA,LAX,118
KOA,LIH,26
KOA,OAK,4
KOA,OGG,151
KOA,ORD,34
KOA,PHX,75
KOA,SAN,11
KOA,SEA,60
KOA,SFO,120
KOA,SNA,20
KTN,JNU,31
KTN,SEA,93
KTN,SIT,31
KTN,WRG,31
LAN,CVG,111
LAN,DTW,270
LAN,MSP,60
LAN,ORD,250
LAS,ABQ,390
LAS,ALB,60
LAS,AMA,60
LAS,ANC,33
LAS,ATL,657
LAS,AUS,205
LAS,BDL,60
LAS,BFL,29
LAS,BHM,60
LAS,BMI,28
LAS,BNA,231
LAS,BOI,120
LAS,BOS,208
LAS,BUF,60
LAS,BUR,775
LAS,BWI,255
LAS,CAK,26
LAS,CLE,145
LAS,CLT,298
LAS,CMH,239
LAS,COS,25
LAS,CVG,123
LAS,DAY,26
LAS,DCA,61
LAS,DEN,1300
LAS,DFW,610
LAS,DTW,341
LAS,ELP,147
LAS,EUG,29
LAS,EWR,178
LAS,FAT,328
LAS,FLL,124
LAS,FNT,34
LAS,GEG,120
LAS,HNL,120
LAS,HOU,234
LAS,IAD,271
LAS,IAH,227
LAS,IND,228
LAS,ISP,61
LAS,JFK,492
LAS,LAX,2027
LAS,LBB,60
LAS,LGB,93
LAS,LIT,60
LAS,MAF,60
LAS,MCI,344
LAS,MCO,204
LAS,MDW,698
LAS,MEM,67
LAS,MFR,29
LAS,MHT,60
LAS,MIA,82
LAS,MKE,59
LAS,MLI,28
LAS,MRY,14
LAS,MSP,490
LAS,MSY,120
LAS,OAK,968
LAS,OKC,68
LAS,OMA,179
LAS,ONT,662
LAS,ORD,720
LAS,ORF,60
LAS,PBI,60
LAS,PDX,494
LAS,PHL,474
LAS,PHX,2007
LAS,PIT,215
LAS,PSP,215
LAS,PVD,60
LAS,RDU,120
LAS,RNO,823
LAS,ROC,26
LAS,SAN,943
LAS,SAT,257
LAS,SBA,73
LAS,SBP,29
LAS,SDF,60
LAS,SEA,662
LAS,SFO,1170
LAS,SJC,709
LAS,SLC,792
LAS,SMF,672
LAS,SNA,692
LAS,STL,208
LAS,TPA,161
LAS,TUL,60
LAS,TUS,391
LAS,YUM,29
LAW,DFW,344
LAX,ABQ,407
LAX,ASE,110
LAX,ATL,721
LAX,AUS,166
LAX,BDL,29
LAX,BFL,120
LAX,BNA,204
LAX,BOI,168
LAX,BOS,326
LAX,BWI,135
LAX,CLD,381
LAX,CLE,73
LAX,CLT,239
LAX,CMH,5
LAX,COS,172
LAX,CVG,155
LAX,DCA,31
LAX,DEN,1367
LAX,DFW,611
LAX,DSM,17
LAX,DTW,319
LAX,EGE,29
LAX,ELP,171
LAX,EUG,57
LAX,EWR,296
LAX,FAT,708
LAX,FLL,78
LAX,GEG,69
LAX,GJT,6
LAX,HNL,656
LAX,HOU,234
LAX,IAD,554
LAX,IAH,306
LAX,ICT,100
LAX,IND,66
LAX,IPL,113
LAX,IYK,161
LAX,JAC,8
LAX,JAX,2
LAX,JFK,940
LAX,KOA,118
LAX,LAS,2123
LAX,LIH,106
LAX,MCI,226
LAX,MCO,245
LAX,MDW,393
LAX,MEM,120
LAX,MFR,1
LAX,MIA,217
LAX,MOD,219
LAX,MRY,482
LAX,MSP,342
LAX,MSY,141
LAX,MTJ,8
LAX,OAK,1373
LAX,OGG,236
LAX,OKC,82
LAX,ONT,24
LAX,ORD,931
LAX,OXR,219
LAX,PDX,472
LAX,PHL,360
LAX,PHX,1753
LAX,PIT,55
LAX,PSP,493
LAX,RDU,7
LAX,RNO,353
LAX,SAN,1799
LAX,SAT,220
LAX,SBA,778
LAX,SBP,487
LAX,SEA,734
LAX,SFO,1929
LAX,SGU,119
LAX,SJC,1710
LAX,SJU,18
LAX,SLC,791
LAX,SMF,1090
LAX,SMX,284
LAX,SNA,32
LAX,STL,184
LAX,TPA,83
LAX,TUS,715
LAX,XNA,59
LAX,YUM,170
LBB,ABQ,60
LBB,AUS,120
LBB,DAL,444
LBB,DFW,528
LBB,ELP,59
LBB,IAH,142
LBB,LAS,60
LCH,IAH,185
LEX,ATL,218
LEX,CVG,240
LEX,DAY,1
LEX,DCA,53
LEX,DFW,120
LEX,DTW,120
LEX,EWR,53
LEX,IAH,113
LEX,LGA,59
LEX,ORD,351
LFT,ATL,165
LFT,DFW,234
LFT,IAH,478
LGA,ATL,1468
LGA,BHM,60
LGA,BNA,85
LGA,BOS,1832
LGA,CAE,101
LGA,CAK,119
LGA,CHS,214
LGA,CLE,396
LGA,CLT,950
LGA,CMH,436
LGA,CVG,577
LGA,DAB,34
LGA,DCA,1725
LGA,DEN,516
LGA,DFW,441
LGA,DSM,120
LGA,DTW,780
LGA,EGE,4
LGA,FLL,360
LGA,FNT,104
LGA,GRR,60
LGA,GSO,162
LGA,GSP,102
LGA,HDN,6
LGA,HSV,44
LGA,IAD,206
LGA,IAH,300
LGA,IND,218
LGA,JAX,222
LGA,LEX,64
LGA,MCO,361
LGA,MEM,284
LGA,MIA,279
LGA,MLB,2
LGA,MSN,102
LGA,MSP,428
LGA,MSY,70
LGA,ORD,1301
LGA,PBI,277
LGA,PHF,120
LGA,PIT,216
LGA,RDU,637
LGA,RIC,155
LGA,RSW,36
LGA,SAV,149
LGA,SDF,114
LGA,SLC,6
LGA,SRQ,16
LGA,STL,140
LGA,TPA,257
LGA,TYS,111
LGA,VPS,2
LGA,XNA,126
LGB,BOS,58
LGB,FAT,98
LGB,FLL,31
LGB,GEG,1
LGB,IAD,85
LGB,JFK,118
LGB,LAS,93
LGB,MRY,101
LGB,OAK,124
LGB,ORD,62
LGB,PHX,282
LGB,RNO,112
LGB,SEA,93
LGB,SLC,343
LGB,SMF,62
LGB,TWF,1
LIH,DEN,8
LIH,HNL,1714
LIH,KOA,25
LIH,LAX,106
LIH,OGG,91
LIH,PHX,46
LIH,SAN,14
LIH,SEA,31
LIH,SFO,74
LIH,SNA,11
LIT,ATL,435
LIT,BWI,60
LIT,CLT,8
LIT,DAL,384
LIT,DFW,592
LIT,DTW,60
LIT,EWR,53
LIT,HOU,60
LIT,IAH,128
LIT,LAS,60
LIT,MDW,60
LIT,MEM,180
LIT,MSP,60
LIT,ORD,284
LIT,PHX,60
LIT,SLC,18
LIT,STL,107
LNK,DEN,180
LNK,DTW,60
LNK,LAN,1
LNK,MSP,27
LNK,ORD,231
LRD,DFW,229
LRD,IAH,100
LSE,MSP,71
LSE,ORD,235
LWS,BOI,1
LWS,IDA,1
LWS,SLC,100
LYH,ATL,106
MAF,ABQ,60
MAF,AUS,113
MAF,DAL,327
MAF,DFW,350
MAF,HOU,112
MAF,IAH,127
MAF,LAS,60
MBS,DTW,169
MBS,MSP,2
MBS,ORD,230
MCI,ABQ,114
MCI,ATL,536
MCI,AUS,170
MCI,BNA,220
MCI,BWI,164
MCI,CLE,171
MCI,CLT,199
MCI,CMH,104
MCI,COS,111
MCI,CVG,257
MCI,DAL,785
MCI,DEN,825
MCI,DFW,244
MCI,DTW,232
MCI,EWR,228
MCI,IAD,135
MCI,IAH,343
MCI,IND,215
MCI,JAX,57
MCI,LAS,350
MCI,LAX,226
MCI,MCO,228
MCI,MDW,690
MCI,MEM,146
MCI,MIA,16
MCI,MSN,60
MCI,MSP,374
MCI,MSY,114
MCI,OAK,107
MCI,OKC,216
MCI,ONT,104
MCI,ORD,406
MCI,PDX,60
MCI,PHX,393
MCI,PIT,111
MCI,RDU,221
MCI,SAN,114
MCI,SAT,171
MCI,SEA,60
MCI,SLC,173
MCI,SMF,60
MCI,STL,327
MCI,TPA,110
MCI,TUL,166
MCI,TUS,57
MCN,ATL,132
MCO,ABQ,120
MCO,ALB,180
MCO,ATL,1353
MCO,AUS,60
MCO,BDL,275
MCO,BHM,173
MCO,BMI,28
MCO,BNA,280
MCO,BOS,433
MCO,BQN,31
MCO,BTV,22
MCO,BUF,273
MCO,BWI,815
MCO,CAK,60
MCO,CLE,233
MCO,CLT,588
MCO,CMH,182
MCO,CVG,175
MCO,DAY,64
MCO,DCA,295
MCO,DEN,573
MCO,DFW,370
MCO,DTW,584
MCO,EWR,443
MCO,FLL,340
MCO,FNT,120
MCO,GRR,60
MCO,GSO,2
MCO,GSP,46
MCO,HOU,293
MCO,HPN,167
MCO,IAD,643
MCO,IAH,231
MCO,IND,383
MCO,ISP,352
MCO,JAN,60
MCO,JAX,2
MCO,JFK,519
MCO,LAS,203
MCO,LAX,245
MCO,LGA,359
MCO,MCI,228
MCO,MDW,617
MCO,MEM,268
MCO,MHT,300
MCO,MIA,186
MCO,MKE,120
MCO,MLI,28
MCO,MSP,360
MCO,MSY,227
MCO,ORD,549
MCO,ORF,120
MCO,PDX,31
MCO,PHF,60
MCO,PHL,1083
MCO,PHX,180
MCO,PIT,382
MCO,PSE,31
MCO,PVD,362
MCO,PWM,82
MCO,RDU,259
MCO,RIC,49
MCO,ROC,107
MCO,RSW,240
MCO,SAN,4
MCO,SAT,120
MCO,SDF,121
MCO,SEA,62
MCO,SFO,60
MCO,SJU,190
MCO,SLC,93
MCO,STL,344
MCO,SWF,103
MCO,SYR,31
MDT,ATL,298
MDT,CLT,180
MDT,CVG,163
MDT,DFW,60
MDT,DTW,45
MDT,IAD,170
MDT,MSP,60
MDT,ORD,311
MDW,ABQ,120
MDW,ALB,120
MDW,ATL,500
MDW,AUS,119
MDW,BDL,174
MDW,BHM,120
MDW,BNA,503
MDW,BUF,179
MDW,BWI,470
MDW,CLE,471
MDW,CLT,13
MDW,CMH,459
MDW,DEN,636
MDW,DTW,622
MDW,EWR,68
MDW,FLL,300
MDW,HOU,358
MDW,IAD,336
MDW,IND,227
MDW,ISP,235
MDW,JAN,118
MDW,LAS,695
MDW,LAX,393
MDW,LIT,60
MDW,MCI,700
MDW,MCO,619
MDW,MHT,282
MDW,MIA,33
MDW,MSP,389
MDW,MSY,60
MDW,OAK,288
MDW,OMA,340
MDW,ORF,118
MDW,PDX,119
MDW,PHL,443
MDW,PHX,451
MDW,PIT,347
MDW,PVD,230
MDW,RDU,223
MDW,RNO,60
MDW,RSW,256
MDW,SAN,290
MDW,SAT,112
MDW,SDF,275
MDW,SEA,165
MDW,SFO,180
MDW,SJC,111
MDW,SLC,120
MDW,SMF,111
MDW,SRQ,108
MDW,STL,670
MDW,TPA,411
MDW,TUS,120
MEI,ATL,105
MEM,ATL,792
MEM,AUS,181
MEM,BHM,147
MEM,BNA,150
MEM,BOS,28
MEM,BTR,178
MEM,BWI,113
MEM,CAE,58
MEM,CHA,47
MEM,CHS,114
MEM,CLE,167
MEM,CLT,257
MEM,CMH,180
MEM,CVG,254
MEM,DCA,168
MEM,DEN,282
MEM,DFW,291
MEM,DSM,151
MEM,DTW,382
MEM,EVV,118
MEM,EWR,263
MEM,FLL,102
MEM,FSM,56
MEM,GPT,136
MEM,GRR,31
MEM,GSO,87
MEM,GSP,164
MEM,HSV,149
MEM,IAH,452
MEM,ICT,93
MEM,IND,180
MEM,JAN,109
MEM,JAX,175
MEM,LAS,66
MEM,LAX,180
MEM,LGA,284
MEM,LIT,167
MEM,MCI,160
MEM,MCO,267
MEM,MGM,93
MEM,MIA,136
MEM,MKE,170
MEM,MLI,66
MEM,MOB,151
MEM,MSN,60
MEM,MSP,480
MEM,MSY,181
MEM,OKC,159
MEM,OMA,180
MEM,ORD,690
MEM,PFN,151
MEM,PHL,89
MEM,PHX,180
MEM,PIT,167
MEM,PNS,180
MEM,RDU,165
MEM,RIC,5
MEM,RSW,6
MEM,SAT,179
MEM,SAV,12
MEM,SDF,119
MEM,SEA,53
MEM,SGF,150
MEM,SHV,180
MEM,SJU,14
MEM,STL,149
MEM,TLH,180
MEM,TPA,141
MEM,TUL,180
MEM,TYS,180
MEM,VPS,180
MEM,XNA,145
MFE,ATL,10
MFE,DFW,124
MFE,IAH,286
MFR,DEN,60
MFR,LAS,29
MFR,MOD,1
MFR,PDX,270
MFR,PHX,60
MFR,RDD,1
MFR,RDM,1
MFR,SBA,1
MFR,SFO,399
MFR,SLC,117
MFR,TWF,1
MGM,ATL,387
MGM,IAH,60
MGM,MEM,93
MHT,ATL,176
MHT,BWI,621
MHT,CLE,162
MHT,CLT,116
MHT,CVG,162
MHT,DCA,43
MHT,DTW,160
MHT,EWR,234
MHT,IAD,55
MHT,LAS,60
MHT,MCO,300
MHT,MDW,281
MHT,ORD,185
MHT,PHL,388
MHT,PHX,60
MHT,TPA,121
MIA,ATL,852
MIA,BDL,31
MIA,BNA,62
MIA,BOS,185
MIA,BWI,118
MIA,CLE,37
MIA,CLT,725
MIA,CMH,76
MIA,CVG,253
MIA,DCA,248
MIA,DEN,151
MIA,DFW,279
MIA,DTW,242
MIA,EGE,8
MIA,EWR,244
MIA,GSO,60
MIA,IAD,74
MIA,IAH,240
MIA,IND,119
MIA,JFK,239
MIA,LAS,82
MIA,LAX,217
MIA,LGA,279
MIA,MCI,16
MIA,MCO,186
MIA,MDW,33
MIA,MEM,135
MIA,MSP,162
MIA,MSY,93
MIA,ORD,279
MIA,ORF,60
MIA,PHL,286
MIA,PHX,31
MIA,PIT,68
MIA,RDU,93
MIA,RIC,59
MIA,SDF,60
MIA,SEA,31
MIA,SFO,93
MIA,SJU,216
MIA,STL,62
MIA,STT,62
MIA,STX,31
MIA,TPA,155
MIA,XNA,59
MKE,ABE,1
MKE,ATL,563
MKE,BDL,113
MKE,BWI,230
MKE,CLE,230
MKE,CLT,113
MKE,CMH,155
MKE,CVG,206
MKE,DEN,278
MKE,DFW,116
MKE,DTW,290
MKE,EWR,445
MKE,FAR,1
MKE,IAH,267
MKE,LAS,60
MKE,MCI,1
MKE,MCO,120
MKE,MEM,170
MKE,MQT,52
MKE,MSN,113
MKE,MSP,549
MKE,OMA,104
MKE,ORD,495
MKE,PHL,156
MKE,PHX,180
MKE,PIT,215
MKE,RDU,138
MKE,RSW,48
MKE,SLC,5
MKE,TPA,48
MLB,ATL,299
MLB,LGA,2
MLI,ATL,406
MLI,DEN,108
MLI,DFW,60
MLI,DTW,172
MLI,LAS,28
MLI,MCO,28
MLI,MEM,66
MLI,MSP,160
MLI,ORD,406
MLU,ATL,170
MLU,DFW,172
MLU,IAH,113
MOB,ATL,378
MOB,DFW,181
MOB,IAH,244
MOB,MEM,109
MOB,ORD,52
MOD,BFL,1
MOD,LAX,225
MOD,RNO,1
MOD,SFO,273
MOT,MSP,180
MQT,GRB,60
MQT,MKE,51
MQT,ORD,52
MRY,DEN,60
MRY,LAS,14
MRY,LAX,478
MRY,LGB,100
MRY,ONT,57
MRY,PHX,117
MRY,SAN,105
MRY,SFO,411
MRY,SLC,6
MSN,ATL,61
MSN,ATW,1
MSN,CLE,53
MSN,DCA,16
MSN,DEN,160
MSN,DFW,120
MSN,DTW,288
MSN,EWR,53
MSN,LGA,104
MSN,MCI,60
MSN,MEM,60
MSN,MKE,111
MSN,MSP,228
MSN,ORD,825
MSN,RFD,1
MSO,DEN,186
MSO,MSP,39
MSO,PIH,2
MSO,SLC,322
MSP,ABQ,81
MSP,ALB,23
MSP,ALO,52
MSP,ANC,82
MSP,ATL,854
MSP,ATW,12
MSP,AUS,5
MSP,AVL,60
MSP,AZO,60
MSP,BDL,166
MSP,BIL,126
MSP,BIS,236
MSP,BNA,115
MSP,BOI,125
MSP,BOS,226
MSP,BUF,6
MSP,BWI,173
MSP,BZN,142
MSP,CHS,2
MSP,CID,173
MSP,CLE,283
MSP,CLT,233
MSP,CMH,180
MSP,CMX,60
MSP,COS,81
MSP,CPR,31
MSP,CVG,289
MSP,CWA,12
MSP,DAY,113
MSP,DCA,310
MSP,DEN,840
MSP,DFW,298
MSP,DLH,247
MSP,DSM,161
MSP,DTW,911
MSP,EGE,60
MSP,EWR,545
MSP,FAR,330
MSP,FCA,21
MSP,FLL,97
MSP,FNT,58
MSP,FSD,299
MSP,GEG,125
MSP,GFK,232
MSP,GRB,231
MSP,GRR,298
MSP,GSO,60
MSP,GTF,103
MSP,HDN,60
MSP,HLN,60
MSP,HNL,60
MSP,IAD,235
MSP,IAH,377
MSP,ICT,120
MSP,IDA,60
MSP,IND,298
MSP,JAX,60
MSP,JFK,173
MSP,LAN,60
MSP,LAS,490
MSP,LAX,341
MSP,LGA,428
MSP,LIT,60
MSP,LNK,27
MSP,LSE,70
MSP,MCI,374
MSP,MCO,360
MSP,MDT,60
MSP,MDW,333
MSP,MEM,419
MSP,MIA,163
MSP,MKE,547
MSP,MLI,158
MSP,MOT,180
MSP,MSN,228
MSP,MSO,39
MSP,MYR,2
MSP,OKC,115
MSP,OMA,190
MSP,ORD,1328
MSP,ORF,60
MSP,PDX,207
MSP,PHL,271
MSP,PHX,642
MSP,PIT,190
MSP,PSP,60
MSP,PVD,6
MSP,RAP,179
MSP,RDU,120
MSP,RHI,32
MSP,RIC,60
MSP,ROC,60
MSP,RST,247
MSP,RSW,157
MSP,SAN,200
MSP,SAT,115
MSP,SAV,2
MSP,SBN,60
MSP,SDF,157
MSP,SEA,320
MSP,SFO,299
MSP,SGF,60
MSP,SJC,115
MSP,SJU,14
MSP,SLC,390
MSP,SMF,125
MSP,SNA,172
MSP,SPI,1
MSP,STL,314
MSP,SUX,59
MSP,TPA,185
MSP,TUL,120
MSP,TUS,81
MSP,TVC,60
MSP,TYS,60
MSP,XNA,120
MSY,ATL,707
MSY,AUS,107
MSY,BHM,179
MSY,BNA,124
MSY,BOS,4
MSY,BWI,60
MSY,CLE,15
MSY,CLT,243
MSY,CMH,1
MSY,CVG,57
MSY,DAL,332
MSY,DCA,55
MSY,DEN,176
MSY,DFW,213
MSY,DTW,16
MSY,EWR,131
MSY,FLL,63
MSY,HOU,612
MSY,IAD,137
MSY,IAH,400
MSY,IND,4
MSY,JAX,114
MSY,JFK,93
MSY,LAS,120
MSY,LAX,140
MSY,LGA,70
MSY,MCI,114
MSY,MCO,228
MSY,MDW,60
MSY,MEM,181
MSY,MIA,93
MSY,ORD,228
MSY,PHL,172
MSY,PHX,60
MSY,RDU,114
MSY,SAT,107
MSY,SLC,58
MSY,TPA,183
MSY,TWF,1
MTJ,ATL,14
MTJ,DEN,310
MTJ,DFW,52
MTJ,EWR,4
MTJ,IAH,43
MTJ,LAX,8
MTJ,ORD,4
MTJ,SLC,68
MYR,ATL,199
MYR,CLT,366
MYR,DTW,60
MYR,EWR,39
MYR,IAD,64
MYR,MSP,2
OAJ,ATL,165
OAK,ABQ,160
OAK,ATL,46
OAK,BNA,60
OAK,BOI,114
OAK,BOS,31
OAK,BUR,956
OAK,DEN,584
OAK,DFW,93
OAK,FLL,13
OAK,GEG,120
OAK,HNL,31
OAK,HOU,113
OAK,IAD,68
OAK,IAH,84
OAK,JFK,83
OAK,KOA,4
OAK,LAS,917
OAK,LAX,1392
OAK,LGB,124
OAK,MCI,107
OAK,MDW,288
OAK,OGG,31
OAK,ONT,680
OAK,ORD,59
OAK,PDX,422
OAK,PHX,747
OAK,RNO,225
OAK,SAN,1011
OAK,SEA,646
OAK,SLC,473
OAK,SNA,660
OAK,TUS,60
OGG,DEN,15
OGG,DFW,31
OGG,HNL,2116
OGG,ITO,60
OGG,KOA,245
OGG,LAX,236
OGG,LIH,31
OGG,OAK,31
OGG,PDX,60
OGG,PHX,80
OGG,SAN,77
OGG,SEA,60
OGG,SFO,133
OGG,SLC,46
OGG,SMF,31
OGG,SNA,31
OKC,ABQ,58
OKC,ATL,334
OKC,AUS,56
OKC,BWI,60
OKC,CLE,20
OKC,CVG,162
OKC,DAL,268
OKC,DEN,354
OKC,DFW,273
OKC,DTW,120
OKC,EWR,56
OKC,HOU,226
OKC,IAH,379
OKC,LAS,68
OKC,LAX,81
OKC,MCI,216
OKC,MEM,175
OKC,MSP,99
OKC,ONT,57
OKC,ORD,326
OKC,PHX,286
OKC,SAN,104
OKC,SAT,58
OKC,SLC,138
OKC,SMF,57
OKC,STL,120
OMA,ABQ,1
OMA,ATL,291
OMA,CVG,164
OMA,DEN,338
OMA,DFW,147
OMA,DSM,1
OMA,DTW,120
OMA,EWR,122
OMA,GRB,1
OMA,IAH,317
OMA,LAS,180
OMA,LNK,1
OMA,MDW,340
OMA,MEM,180
OMA,MKE,102
OMA,MSP,190
OMA,ONT,106
OMA,ORD,708
OMA,PHX,351
OMA,SAN,111
OMA,SLC,124
OMA,STL,172
OMA,TUS,56
OME,ANC,61
OME,OTZ,31
ONT,ABQ,106
ONT,ATL,125
ONT,AUS,106
ONT,BNA,60
ONT,BOI,112
ONT,COS,114
ONT,DEN,252
ONT,DFW,151
ONT,ELP,57
ONT,FAT,57
ONT,GEG,105
ONT,GJT,1
ONT,IAH,92
ONT,JFK,31
ONT,LAS,662
ONT,LAX,24
ONT,MCI,105
ONT,MRY,56
ONT,OAK,680
ONT,OKC,57
ONT,OMA,106
ONT,PDX,31
ONT,PHX,1040
ONT,RNO,57
ONT,SAN,2
ONT,SAT,113
ONT,SEA,124
ONT,SFO,280
ONT,SJC,495
ONT,SLC,304
ONT,SMF,670
ONT,TUL,57
ONT,TUS,114
ORD,ABE,226
ORD,ABQ,31
ORD,ALB,295
ORD,ANC,31
ORD,ASE,168
ORD,ATL,983
ORD,ATW,390
ORD,AUS,279
ORD,AVP,115
ORD,AZO,406
ORD,BDL,597
ORD,BHM,290
ORD,BIL,1
ORD,BMI,396
ORD,BNA,596
ORD,BOI,118
ORD,BOS,800
ORD,BTR,56
ORD,BTV,100
ORD,BUF,520
ORD,BWI,555
ORD,BZN,67
ORD,CAE,230
ORD,CAK,169
ORD,CHA,116
ORD,CHS,205
ORD,CID,551
ORD,CLE,792
ORD,CLT,968
ORD,CMH,772
ORD,CMI,411
ORD,COS,196
ORD,CRW,120
ORD,CVG,941
ORD,CWA,175
ORD,DAY,341
ORD,DBQ,231
ORD,DCA,1000
ORD,DEN,774
ORD,DFW,856
ORD,DSM,793
ORD,DTW,1097
ORD,EGE,35
ORD,ELP,62
ORD,EVV,332
ORD,EWR,865
ORD,FAR,224
ORD,FLL,250
ORD,FNT,236
ORD,FSD,285
ORD,FWA,524
ORD,GEG,60
ORD,GJT,10
ORD,GPT,55
ORD,GRB,592
ORD,GRR,563
ORD,GSO,126
ORD,GSP,331
ORD,HDN,89
ORD,HNL,91
ORD,HPN,594
ORD,HSV,115
ORD,IAD,455
ORD,IAH,569
ORD,ICT,513
ORD,IND,624
ORD,JAC,91
ORD,JAN,52
ORD,JAX,300
ORD,JFK,482
ORD,LAN,250
ORD,LAS,718
ORD,LAX,875
ORD,LEX,350
ORD,LGA,1302
ORD,LGB,62
ORD,LIT,286
ORD,LNK,227
ORD,LSE,236
ORD,MBS,229
ORD,MCI,468
ORD,MCO,543
ORD,MDT,260
ORD,MEM,690
ORD,MHT,184
ORD,MIA,278
ORD,MKE,509
ORD,MLI,439
ORD,MOB,52
ORD,MQT,52
ORD,MSN,813
ORD,MSP,1394
ORD,MSY,272
ORD,MTJ,4
ORD,OAK,59
ORD,OGG,34
ORD,OKC,310
ORD,OMA,676
ORD,ORF,266
ORD,PBI,129
ORD,PDX,281
ORD,PHL,929
ORD,PHX,702
ORD,PIA,576
ORD,PIT,611
ORD,PNS,111
ORD,PSP,83
ORD,PVD,301
ORD,PWM,15
ORD,RDU,364
ORD,RIC,343
ORD,RNO,31
ORD,ROA,65
ORD,ROC,399
ORD,RST,403
ORD,RSW,93
ORD,SAN,424
ORD,SAT,242
ORD,SAV,182
ORD,SBN,347
ORD,SDF,589
ORD,SEA,571
ORD,SFO,702
ORD,SGF,450
ORD,SHV,52
ORD,SJC,204
ORD,SJU,143
ORD,SLC,384
ORD,SMF,185
ORD,SNA,351
ORD,SPI,228
ORD,STL,400
ORD,STT,21
ORD,SYR,406
ORD,TOL,228
ORD,TPA,332
ORD,TUL,274
ORD,TUS,86
ORD,TVC,294
ORD,TYS,246
ORD,VPS,56
ORD,XNA,485
ORF,ATL,350
ORF,BOS,41
ORF,BWI,273
ORF,CLE,2
ORF,CLT,323
ORF,CVG,109
ORF,DFW,122
ORF,DTW,183
ORF,EWR,202
ORF,IAD,158
ORF,IAH,152
ORF,JAX,120
ORF,JFK,2
ORF,LAS,60
ORF,MCO,119
ORF,MDW,117
ORF,MIA,60
ORF,MSP,60
ORF,ORD,182
ORF,TPA,60
OTZ,ANC,31
OTZ,OME,61
OXR,LAX,219
PBI,ATL,610
PBI,BDL,49
PBI,BOS,230
PBI,BWI,269
PBI,CLE,39
PBI,CLT,357
PBI,CVG,114
PBI,DCA,193
PBI,DEN,49
PBI,DFW,85
PBI,DTW,84
PBI,EWR,306
PBI,HPN,147
PBI,IAH,170
PBI,ISP,180
PBI,JFK,257
PBI,LAS,60
PBI,LGA,277
PBI,ORD,129
PBI,PHL,333
PBI,PIT,4
PBI,SWF,79
PBI,TPA,217
PDX,ABQ,60
PDX,ANC,31
PDX,ATL,124
PDX,BOI,168
PDX,BOS,31
PDX,BUR,31
PDX,CVG,43
PDX,DEN,589
PDX,DFW,120
PDX,DTW,6
PDX,EUG,276
PDX,EWR,37
PDX,GEG,218
PDX,HNL,120
PDX,IAD,61
PDX,IAH,99
PDX,JFK,78
PDX,LAS,495
PDX,LAX,473
PDX,MCI,60
PDX,MCO,31
PDX,MDW,120
PDX,MFR,270
PDX,MSP,208
PDX,OAK,426
PDX,OGG,60
PDX,ONT,31
PDX,ORD,260
PDX,PHL,2
PDX,PHX,565
PDX,PSP,31
PDX,RDM,293
PDX,RNO,222
PDX,SAN,124
PDX,SEA,427
PDX,SFO,454
PDX,SJC,312
PDX,SLC,544
PDX,SMF,424
PDX,SNA,124
PFN,ATL,364
PFN,CVG,5
PFN,MEM,164
PHF,ATL,600
PHF,BOS,110
PHF,FLL,48
PHF,LGA,118
PHF,MCO,60
PHF,TPA,16
PHL,ALB,60
PHL,ATL,930
PHL,ATW,1
PHL,BDL,104
PHL,BNA,160
PHL,BOS,941
PHL,BUF,60
PHL,BWI,104
PHL,CLE,24
PHL,CLT,574
PHL,CMH,158
PHL,CVG,284
PHL,DCA,88
PHL,DEN,398
PHL,DFW,373
PHL,DTW,451
PHL,FLL,642
PHL,HOU,120
PHL,IAD,117
PHL,IAH,144
PHL,IND,184
PHL,JAX,244
PHL,JFK,109
PHL,LAS,478
PHL,LAX,357
PHL,MCO,1087
PHL,MDW,445
PHL,MEM,89
PHL,MHT,381
PHL,MIA,286
PHL,MKE,155
PHL,MSP,271
PHL,MSY,182
PHL,ORD,993
PHL,ORF,44
PHL,PBI,332
PHL,PDX,2
PHL,PHX,480
PHL,PIT,491
PHL,PVD,430
PHL,RDU,574
PHL,RIC,100
PHL,RSW,209
PHL,SAN,120
PHL,SEA,65
PHL,SFO,345
PHL,SJU,249
PHL,SLC,89
PHL,STT,62
PHL,SYR,60
PHL,TPA,543
PHX,ABQ,915
PHX,ANC,60
PHX,ASE,65
PHX,ATL,757
PHX,AUS,456
PHX,BDL,60
PHX,BFL,172
PHX,BHM,60
PHX,BNA,226
PHX,BOI,112
PHX,BOS,179
PHX,BUF,60
PHX,BUR,863
PHX,BWI,358
PHX,CLD,43
PHX,CLE,119
PHX,CLT,366
PHX,CMH,180
PHX,COS,235
PHX,CVG,86
PHX,DCA,180
PHX,DEN,1355
PHX,DFW,606
PHX,DRO,124
PHX,DSM,120
PHX,DTW,469
PHX,ELP,691
PHX,EUG,60
PHX,EWR,310
PHX,FAT,284
PHX,FLG,289
PHX,FLL,120
PHX,GEG,120
PHX,GJT,172
PHX,HNL,140
PHX,HOU,276
PHX,IAD,130
PHX,IAH,581
PHX,ICT,120
PHX,IND,240
PHX,JFK,306
PHX,KOA,75
PHX,LAS,1878
PHX,LAX,1846
PHX,LGB,282
PHX,LIH,46
PHX,LIT,60
PHX,MCI,387
PHX,MCO,180
PHX,MDW,466
PHX,MEM,180
PHX,MFR,60
PHX,MHT,60
PHX,MIA,31
PHX,MKE,180
PHX,MRY,118
PHX,MSP,641
PHX,MSY,60
PHX,OAK,690
PHX,OGG,80
PHX,OKC,292
PHX,OMA,344
PHX,ONT,1032
PHX,ORD,703
PHX,PDX,565
PHX,PHL,480
PHX,PIT,180
PHX,PSP,296
PHX,PVD,60
PHX,RDU,113
PHX,RNO,480
PHX,SAN,1354
PHX,SAT,464
PHX,SBA,286
PHX,SBP,180
PHX,SDF,60
PHX,SEA,691
PHX,SFO,601
PHX,SJC,696
PHX,SLC,1180
PHX,SMF,695
PHX,SNA,910
PHX,STL,465
PHX,TEX,104
PHX,TPA,180
PHX,TUL,166
PHX,TUS,652
PHX,YUM,300
PIA,ATL,145
PIA,DEN,59
PIA,DFW,60
PIA,DTW,110
PIA,LNK,1
PIA,ORD,576
PIH,SLC,299
PIT,ATL,637
PIT,BOS,77
PIT,BWI,177
PIT,CLT,403
PIT,CVG,304
PIT,DCA,6
PIT,DEN,142
PIT,DFW,354
PIT,DTW,233
PIT,EWR,282
PIT,FLL,82
PIT,IAD,173
PIT,IAH,225
PIT,JFK,364
PIT,LAS,214
PIT,LAX,55
PIT,LGA,156
PIT,MCI,111
PIT,MCO,383
PIT,MDW,350
PIT,MEM,139
PIT,MIA,68
PIT,MKE,215
PIT,MSP,200
PIT,ORD,614
PIT,PBI,4
PIT,PHL,641
PIT,PHX,180
PIT,RSW,27
PIT,SFO,37
PIT,SJU,1
PIT,SLC,49
PIT,TPA,136
PLN,DTW,38
PMD,SFO,111
PNS,ATL,590
PNS,CLT,164
PNS,DFW,297
PNS,IAH,93
PNS,MEM,151
PNS,ORD,112
PSC,DEN,173
PSC,SLC,273
PSC,TWF,1
PSE,EWR,17
PSE,FLL,31
PSE,JFK,31
PSE,MCO,31
PSG,JNU,31
PSG,WRG,31
PSP,DEN,213
PSP,DFW,93
PSP,FAT,1
PSP,GJT,1
PSP,IAH,69
PSP,LAS,216
PSP,LAX,495
PSP,MSP,60
PSP,ORD,83
PSP,PDX,31
PSP,PHX,296
PSP,SEA,91
PSP,SFO,231
PSP,SLC,173
PSP,TWF,1
PVD,ATL,241
PVD,BNA,60
PVD,BOS,1
PVD,BWI,673
PVD,CLE,56
PVD,CLT,216
PVD,CVG,162
PVD,DCA,112
PVD,DTW,186
PVD,EWR,238
PVD,FLL,60
PVD,IAD,79
PVD,JFK,104
PVD,LAS,60
PVD,MCO,361
PVD,MDW,229
PVD,MSP,6
PVD,ORD,302
PVD,PHL,432
PVD,PHX,60
PVD,TPA,180
PWM,ATL,164
PWM,BWI,120
PWM,CLE,6
PWM,CLT,60
PWM,CVG,120
PWM,DTW,19
PWM,EWR,227
PWM,IAD,43
PWM,JFK,140
PWM,MCO,82
PWM,ORD,38
RAP,DEN,353
RAP,MSP,179
RAP,SLC,114
RAP,TWF,1
RDD,SBA,1
RDD,SFO,293
RDD,SMF,1
RDM,IDA,1
RDM,PDX,291
RDM,SFO,175
RDM,SLC,112
RDU,ATL,719
RDU,AUS,27
RDU,BDL,176
RDU,BHM,102
RDU,BNA,277
RDU,BOS,479
RDU,BWI,337
RDU,CLE,51
RDU,CLT,395
RDU,CMH,116
RDU,CVG,262
RDU,DCA,467
RDU,DEN,60
RDU,DFW,182
RDU,DTW,193
RDU,EWR,528
RDU,FLL,48
RDU,GRB,1
RDU,IAD,268
RDU,IAH,252
RDU,IND,112
RDU,JAX,222
RDU,JFK,521
RDU,LAS,120
RDU,LAX,7
RDU,LGA,569
RDU,MCI,222
RDU,MCO,251
RDU,MDW,231
RDU,MEM,151
RDU,MIA,93
RDU,MKE,138
RDU,MSP,120
RDU,MSY,114
RDU,ORD,363
RDU,PHL,572
RDU,PHX,113
RDU,SAT,57
RDU,SDF,116
RDU,SLC,42
RDU,STL,33
RDU,TPA,173
RDU,XNA,52
RFD,DEN,112
RHI,MSP,32
RIC,ATL,631
RIC,BOS,60
RIC,CLE,146
RIC,CLT,279
RIC,CVG,201
RIC,DFW,89
RIC,DTW,172
RIC,EWR,275
RIC,FLL,31
RIC,IAH,135
RIC,JFK,151
RIC,LGA,155
RIC,MCO,48
RIC,MEM,6
RIC,MIA,60
RIC,MSP,60
RIC,ORD,343
RIC,PHL,100
RNO,ATL,46
RNO,BOI,167
RNO,DEN,197
RNO,DFW,93
RNO,GEG,56
RNO,IAH,58
RNO,LAS,824
RNO,LAX,355
RNO,LGB,114
RNO,MDW,60
RNO,OAK,219
RNO,ONT,57
RNO,ORD,31
RNO,PDX,222
RNO,PHX,480
RNO,PIH,1
RNO,SAN,120
RNO,SEA,146
RNO,SFO,363
RNO,SJC,232
RNO,SLC,285
RNO,SNA,31
RNO,TUS,57
ROA,ATL,232
ROA,CLT,1
ROA,DTW,68
ROA,IAD,136
ROA,MSN,1
ROA,ORD,70
ROC,ATL,429
ROC,BWI,120
ROC,CLE,144
ROC,CLT,76
ROC,CVG,147
ROC,DFW,1
ROC,DTW,185
ROC,EWR,221
ROC,FLL,48
ROC,IAD,70
ROC,JFK,276
ROC,LAS,26
ROC,MCO,107
ROC,MSP,60
ROC,ORD,400
ROC,TPA,60
ROW,DFW,120
RST,DTW,60
RST,MSP,247
RST,ORD,402
RSW,ATL,610
RSW,BDL,47
RSW,BOS,241
RSW,BUF,42
RSW,BWI,228
RSW,CAK,49
RSW,CLE,60
RSW,CLT,321
RSW,CMH,58
RSW,CVG,115
RSW,DCA,135
RSW,DEN,84
RSW,DFW,93
RSW,DTW,248
RSW,EWR,183
RSW,FNT,48
RSW,HPN,84
RSW,IAH,111
RSW,IND,212
RSW,ISP,60
RSW,JFK,200
RSW,LGA,36
RSW,MCO,240
RSW,MDW,256
RSW,MEM,6
RSW,MIA,1
RSW,MKE,48
RSW,MSP,157
RSW,ORD,92
RSW,PHL,209
RSW,PIT,27
RSW,STL,31
SAN,ABQ,172
SAN,ATL,384
SAN,AUS,114
SAN,BFL,57
SAN,BNA,119
SAN,BOI,114
SAN,BOS,62
SAN,BWI,120
SAN,CLE,6
SAN,CLT,114
SAN,COS,115
SAN,CVG,85
SAN,DEN,702
SAN,DFW,306
SAN,DTW,65
SAN,ELP,60
SAN,EWR,93
SAN,FAT,114
SAN,GEG,111
SAN,HNL,68
SAN,HOU,60
SAN,IAD,211
SAN,IAH,179
SAN,JFK,139
SAN,KOA,11
SAN,LAS,950
SAN,LAX,1796
SAN,LIH,14
SAN,MCI,114
SAN,MCO,4
SAN,MDW,290
SAN,MRY,107
SAN,MSP,201
SAN,OAK,1021
SAN,OGG,77
SAN,OKC,106
SAN,OMA,114
SAN,ONT,3
SAN,ORD,365
SAN,PDX,124
SAN,PHL,120
SAN,PHX,1337
SAN,RNO,120
SAN,SAT,60
SAN,SEA,217
SAN,SFO,1099
SAN,SJC,921
SAN,SLC,291
SAN,SMF,762
SAN,STL,31
SAN,TUL,57
SAN,TUS,231
SAT,ABQ,108
SAT,AMA,1
SAT,ATL,339
SAT,AUS,1
SAT,BNA,113
SAT,BWI,120
SAT,CLE,48
SAT,CVG,163
SAT,DAL,815
SAT,DEN,397
SAT,DFW,426
SAT,DTW,115
SAT,ELP,223
SAT,EWR,79
SAT,HOU,439
SAT,HRL,112
SAT,IAD,60
SAT,IAH,309
SAT,LAS,258
SAT,LAX,220
SAT,MCI,171
SAT,MCO,120
SAT,MDW,116
SAT,MEM,179
SAT,MSP,115
SAT,MSY,107
SAT,OKC,56
SAT,ONT,114
SAT,ORD,255
SAT,PHX,451
SAT,RDU,55
SAT,SAN,60
SAT,SFO,60
SAT,SLC,118
SAT,SMF,57
SAT,STL,31
SAT,TPA,60
SAT,TUL,58
SAT,TUS,57
SAV,ATL,497
SAV,BOS,53
SAV,CLT,236
SAV,CVG,103
SAV,DFW,120
SAV,DTW,66
SAV,EWR,125
SAV,IAD,182
SAV,IAH,134
SAV,LGA,148
SAV,MEM,12
SAV,MSP,2
SAV,ORD,182
SBA,DEN,120
SBA,DFW,60
SBA,LAS,73
SBA,LAX,784
SBA,MRY,1
SBA,PHX,286
SBA,SFO,515
SBA,SJC,200
SBA,SLC,101
SBN,ATL,173
SBN,DTW,192
SBN,MSP,60
SBN,ORD,346
SBP,FAT,1
SBP,LAS,29
SBP,LAX,488
SBP,MRY,2
SBP,PHX,180
SBP,SFO,284
SBP,SLC,65
SCC,ANC,31
SCC,BRW,31
SCE,ATL,60
SCE,DTW,60
SDF,ATL,361
SDF,BHM,112
SDF,BOS,32
SDF,BWI,269
SDF,CLE,95
SDF,CLT,102
SDF,CVG,92
SDF,DEN,107
SDF,DFW,182
SDF,DTW,228
SDF,EWR,156
SDF,IAH,54
SDF,LAS,60
SDF,LGA,115
SDF,MCO,120
SDF,MDW,277
SDF,MEM,164
SDF,MIA,60
SDF,MSP,157
SDF,ORD,586
SDF,PHX,60
SDF,RDU,116
SDF,SPI,1
SDF,STL,163
SDF,TPA,113
SEA,ABQ,113
SEA,ANC,406
SEA,ATL,225
SEA,BNA,60
SEA,BOI,179
SEA,BOS,62
SEA,BUR,123
SEA,CLE,6
SEA,CLT,60
SEA,CVG,95
SEA,DCA,62
SEA,DEN,936
SEA,DFW,337
SEA,DTW,180
SEA,EWR,154
SEA,FAI,62
SEA,GEG,587
SEA,HNL,279
SEA,IAD,180
SEA,IAH,166
SEA,JFK,153
SEA,JNU,62
SEA,KTN,93
SEA,LAS,657
SEA,LAX,733
SEA,LGB,93
SEA,LIH,31
SEA,MCI,60
SEA,MCO,62
SEA,MDW,174
SEA,MEM,53
SEA,MIA,31
SEA,MSP,321
SEA,OAK,655
SEA,OGG,120
SEA,ONT,124
SEA,ORD,523
SEA,PDX,427
SEA,PHL,65
SEA,PHX,691
SEA,PSP,93
SEA,RNO,146
SEA,SAN,217
SEA,SFO,633
SEA,SJC,410
SEA,SLC,472
SEA,SMF,395
SEA,SNA,236
SEA,STL,31
SEA,TUS,31
SFO,ABQ,65
SFO,ACV,413
SFO,ASE,31
SFO,ATL,358
SFO,AUS,60
SFO,BFL,171
SFO,BOI,300
SFO,BOS,344
SFO,BUR,338
SFO,BWI,60
SFO,BZN,8
SFO,CEC,113
SFO,CIC,222
SFO,CLE,32
SFO,CLT,231
SFO,COS,60
SFO,CVG,95
SFO,DEN,742
SFO,DFW,312
SFO,DTW,180
SFO,EUG,410
SFO,EWR,335
SFO,FAT,396
SFO,GJT,1
SFO,HNL,354
SFO,IAD,467
SFO,IAH,246
SFO,IDA,1
SFO,JFK,881
SFO,KOA,120
SFO,LAS,1164
SFO,LAX,1994
SFO,LIH,74
SFO,MCO,60
SFO,MDW,180
SFO,MFR,398
SFO,MIA,93
SFO,MOD,281
SFO,MRY,403
SFO,MSP,299
SFO,OGG,133
SFO,ONT,282
SFO,ORD,754
SFO,PDX,452
SFO,PHL,404
SFO,PHX,603
SFO,PIT,37
SFO,PMD,112
SFO,PSP,229
SFO,RDD,295
SFO,RDM,174
SFO,RNO,363
SFO,SAN,1039
SFO,SAT,60
SFO,SBA,519
SFO,SBP,284
SFO,SEA,629
SFO,SLC,667
SFO,SMF,373
SFO,SMX,1
SFO,SNA,648
SFO,STL,31
SFO,TUS,60
SFO,TWF,2
SGF,ATL,165
SGF,CVG,62
SGF,DEN,175
SGF,DFW,532
SGF,DTW,31
SGF,FSD,1
SGF,MEM,92
SGF,MSP,60
SGF,ORD,452
SGF,STL,60
SGU,CDC,1
SGU,LAX,119
SGU,PIH,1
SGU,SLC,476
SGU,TWF,1
SHV,ATL,281
SHV,DFW,582
SHV,DTW,31
SHV,IAH,173
SHV,MEM,180
SHV,ORD,52
SIT,JNU,61
SIT,KTN,31
SJC,ATL,83
SJC,AUS,82
SJC,BOS,31
SJC,BUR,559
SJC,DEN,480
SJC,DFW,182
SJC,EWR,16
SJC,FAT,1
SJC,HNL,60
SJC,IAD,60
SJC,IAH,82
SJC,JFK,31
SJC,LAS,723
SJC,LAX,1709
SJC,MDW,111
SJC,MSP,115
SJC,ONT,498
SJC,ORD,205
SJC,PDX,312
SJC,PHX,681
SJC,RNO,234
SJC,SAN,914
SJC,SBA,199
SJC,SEA,410
SJC,SFO,1
SJC,SLC,217
SJC,SMX,1
SJC,SNA,837
SJT,DFW,241
SJU,ATL,207
SJU,BDL,31
SJU,BOS,172
SJU,BWI,30
SJU,CLE,4
SJU,CLT,156
SJU,DFW,93
SJU,DTW,75
SJU,EWR,158
SJU,FLL,93
SJU,IAD,157
SJU,IAH,59
SJU,JFK,327
SJU,LAX,19
SJU,MCO,190
SJU,MEM,14
SJU,MIA,217
SJU,MSP,14
SJU,ORD,162
SJU,PHL,249
SJU,PIT,1
SJU,STT,31
SJU,TPA,31
SLC,ABQ,375
SLC,ANC,47
SLC,ASE,165
SLC,ATL,407
SLC,AUS,106
SLC,BFL,103
SLC,BHM,5
SLC,BIL,322
SLC,BLI,60
SLC,BNA,44
SLC,BOI,590
SLC,BOS,94
SLC,BTM,117
SLC,BUR,305
SLC,BWI,106
SLC,BZN,352
SLC,CDC,103
SLC,CLE,57
SLC,CLT,27
SLC,CMH,48
SLC,COD,119
SLC,COS,175
SLC,CPR,231
SLC,CVG,223
SLC,DCA,46
SLC,DEN,1513
SLC,DFW,346
SLC,DRO,113
SLC,DSM,3
SLC,DTW,48
SLC,EKO,289
SLC,ELP,60
SLC,EUG,112
SLC,EWR,102
SLC,FAR,52
SLC,FAT,143
SLC,FCA,289
SLC,FLL,46
SLC,FSD,7
SLC,GEG,318
SLC,GJT,189
SLC,GTF,179
SLC,HDN,117
SLC,HLN,212
SLC,HNL,47
SLC,IAD,70
SLC,IAH,458
SLC,IDA,351
SLC,JAC,224
SLC,JFK,197
SLC,LAS,799
SLC,LAX,798
SLC,LGA,6
SLC,LGB,342
SLC,LIT,18
SLC,LWS,102
SLC,MCI,173
SLC,MCO,93
SLC,MDW,120
SLC,MFR,119
SLC,MKE,4
SLC,MRY,6
SLC,MSO,325
SLC,MSP,388
SLC,MSY,57
SLC,MTJ,70
SLC,OAK,475
SLC,OGD,1
SLC,OGG,46
SLC,OKC,138
SLC,OMA,121
SLC,ONT,307
SLC,ORD,384
SLC,PDX,550
SLC,PHL,89
SLC,PHX,1175
SLC,PIH,300
SLC,PIT,48
SLC,PSC,275
SLC,PSP,177
SLC,RAP,115
SLC,RDM,113
SLC,RDU,42
SLC,RNO,287
SLC,SAN,291
SLC,SAT,119
SLC,SBA,104
SLC,SBP,66
SLC,SEA,475
SLC,SFO,605
SLC,SGU,476
SLC,SJC,217
SLC,SLE,107
SLC,SMF,242
SLC,SNA,263
SLC,STL,232
SLC,SUN,464
SLC,TPA,46
SLC,TUL,118
SLC,TUS,283
SLC,TWF,448
SLC,XNA,4
SLC,YKM,73
SLC,YUM,120
SLE,SLC,106
SLE,TWF,2
SMF,ABQ,114
SMF,ACV,102
SMF,ATL,83
SMF,BFL,57
SMF,BUR,608
SMF,COS,106
SMF,DEN,472
SMF,DFW,131
SMF,GEG,105
SMF,HNL,60
SMF,IAD,60
SMF,IAH,92
SMF,JFK,31
SMF,LAS,672
SMF,LAX,1102
SMF,LGB,62
SMF,MCI,60
SMF,MDW,112
SMF,MSP,126
SMF,OGG,31
SMF,OKC,57
SMF,ONT,673
SMF,ORD,185
SMF,PDX,425
SMF,PHX,692
SMF,RDD,1
SMF,SAN,749
SMF,SAT,57
SMF,SBA,1
SMF,SEA,394
SMF,SFO,373
SMF,SLC,244
SMF,SNA,440
SMF,TUL,57
SMF,TUS,114
SMX,LAX,286
SNA,ATL,168
SNA,AUS,31
SNA,CVG,30
SNA,DEN,543
SNA,DFW,333
SNA,EWR,62
SNA,HNL,35
SNA,IAH,150
SNA,KOA,19
SNA,LAS,684
SNA,LAX,33
SNA,LIH,11
SNA,MSP,172
SNA,OAK,666
SNA,OGG,31
SNA,ORD,341
SNA,PDX,124
SNA,PHX,914
SNA,RNO,31
SNA,SAN,1
SNA,SEA,236
SNA,SFO,659
SNA,SJC,842
SNA,SLC,262
SNA,SMF,436
SNA,STL,31
SPI,IAD,60
SPI,ORD,227
SPS,DFW,404
SRQ,ATL,511
SRQ,BOS,4
SRQ,BWI,60
SRQ,CLE,54
SRQ,CLT,32
SRQ,CVG,114
SRQ,DCA,2
SRQ,DTW,89
SRQ,EWR,56
SRQ,IND,60
SRQ,JFK,62
SRQ,LGA,16
SRQ,MDW,108
SRQ,STL,25
STL,ABQ,60
STL,ATL,538
STL,AUS,31
STL,BHM,60
STL,BNA,56
STL,BOS,58
STL,BWI,268
STL,CLE,145
STL,CLT,152
STL,CMH,111
STL,CVG,162
STL,DAL,433
STL,DCA,111
STL,DEN,299
STL,DFW,329
STL,DTW,414
STL,EWR,263
STL,FLL,91
STL,HOU,231
STL,IAH,183
STL,JFK,154
STL,LAS,210
STL,LAX,184
STL,LGA,140
STL,LIT,105
STL,MCI,335
STL,MCO,343
STL,MDW,664
STL,MEM,178
STL,MIA,62
STL,MSP,313
STL,OKC,120
STL,OMA,182
STL,ORD,338
STL,PHX,464
STL,RDU,33
STL,RSW,31
STL,SAN,31
STL,SAT,31
STL,SDF,163
STL,SEA,31
STL,SFO,31
STL,SGF,60
STL,SLC,238
STL,SNA,31
STL,SRQ,26
STL,TPA,144
STL,TUL,113
STT,ATL,44
STT,BOS,17
STT,CLT,75
STT,EWR,31
STT,JFK,45
STT,MIA,62
STT,PHL,62
STT,SJU,101
STX,ATL,5
STX,CLT,8
STX,MIA,31
SUN,SLC,476
SUN,TWF,1
SUX,MSP,60
SWF,ATL,351
SWF,DTW,115
SWF,FLL,55
SWF,MCO,103
SWF,PBI,79
SWF,TPA,48
SYR,ATL,223
SYR,CAK,1
SYR,CLE,93
SYR,CLT,120
SYR,CVG,169
SYR,DCA,52
SYR,DFW,1
SYR,DTW,195
SYR,EWR,223
SYR,FLL,31
SYR,IAD,63
SYR,JFK,182
SYR,MCO,31
SYR,ORD,430
SYR,PHL,59
TEX,PHX,104
TLH,ATL,218
TLH,IAH,113
TLH,MEM,122
TOL,ATL,61
TOL,ORD,228
TPA,ABQ,60
TPA,ALB,60
TPA,ATL,1056
TPA,AUS,60
TPA,BDL,202
TPA,BHM,174
TPA,BNA,284
TPA,BOS,241
TPA,BUF,119
TPA,BWI,582
TPA,CAK,54
TPA,CLE,68
TPA,CLT,499
TPA,CMH,179
TPA,CVG,149
TPA,DAY,48
TPA,DCA,240
TPA,DEN,320
TPA,DFW,244
TPA,DTW,312
TPA,EWR,285
TPA,FLL,500
TPA,FNT,48
TPA,GPT,60
TPA,HOU,230
TPA,IAD,306
TPA,IAH,154
TPA,IND,260
TPA,ISP,180
TPA,JAX,163
TPA,JFK,314
TPA,LAS,161
TPA,LAX,83
TPA,LGA,258
TPA,MCI,109
TPA,MDW,397
TPA,MEM,141
TPA,MHT,120
TPA,MIA,155
TPA,MKE,48
TPA,MSP,185
TPA,MSY,183
TPA,ORD,328
TPA,ORF,60
TPA,PBI,219
TPA,PHF,16
TPA,PHL,544
TPA,PHX,180
TPA,PIT,136
TPA,PVD,180
TPA,RDU,179
TPA,ROC,60
TPA,SAT,60
TPA,SDF,113
TPA,SJU,31
TPA,SLC,46
TPA,STL,150
TPA,SWF,48
TRI,ATL,266
TRI,CVG,67
TUL,ABQ,57
TUL,ATL,289
TUL,AUS,59
TUL,CVG,163
TUL,DAL,381
TUL,DEN,242
TUL,DFW,454
TUL,DTW,120
TUL,EWR,55
TUL,GJT,1
TUL,HOU,216
TUL,IAH,195
TUL,LAS,60
TUL,MCI,163
TUL,MEM,180
TUL,MSP,120
TUL,OKC,1
TUL,ONT,56
TUL,ORD,273
TUL,PHX,168
TUL,PIA,1
TUL,SAN,56
TUL,SAT,57
TUL,SLC,117
TUL,SMF,54
TUL,STL,112
TUP,ATL,10
TUS,ABQ,120
TUS,ATL,88
TUS,AUS,57
TUS,DEN,368
TUS,DFW,243
TUS,ELP,57
TUS,EWR,31
TUS,GEG,56
TUS,IAD,16
TUS,IAH,222
TUS,JFK,31
TUS,LAS,446
TUS,LAX,713
TUS,MCI,56
TUS,MDW,119
TUS,MSP,81
TUS,OAK,60
TUS,OMA,57
TUS,ONT,115
TUS,ORD,86
TUS,PHX,600
TUS,RNO,54
TUS,SAN,231
TUS,SAT,56
TUS,SEA,31
TUS,SFO,60
TUS,SLC,283
TUS,SMF,112
TVC,DTW,195
TVC,MSP,60
TVC,ORD,295
TWF,SLC,436
TWF,SUN,2
TXK,DFW,240
TYR,DFW,299
TYS,ATL,292
TYS,AUS,1
TYS,CLE,55
TYS,CVG,209
TYS,DEN,77
TYS,DFW,236
TYS,DTW,134
TYS,EWR,63
TYS,IAH,191
TYS,LGA,102
TYS,MEM,153
TYS,MSP,60
TYS,ORD,247
VLD,ATL,164
VPS,ATL,442
VPS,CVG,44
VPS,DFW,273
VPS,IAH,109
VPS,LGA,2
VPS,MEM,180
VPS,ORD,56
WRG,KTN,31
WRG,PSG,31
XNA,ATL,265
XNA,COS,1
XNA,DCA,52
XNA,DEN,112
XNA,DFW,387
XNA,DTW,60
XNA,EWR,85
XNA,FAR,1
XNA,IAH,213
XNA,LAX,59
XNA,LEX,1
XNA,LGA,128
XNA,MEM,147
XNA,MIA,60
XNA,MSP,120
XNA,ORD,485
XNA,RDU,52
XNA,RFD,1
XNA,SGF,1
XNA,SLC,4
YAK,CDV,31
YAK,JNU,31
YKM,SLC,74
YUM,GJT,1
YUM,IPL,108
YUM,LAS,29
YUM,LAX,173
YUM,PHX,300
YUM,SLC,119